Isolate,Accession_number,Collection_time,Country,Continent,Genotype,Source
ERR2102110|2008|France|Europe,ERR2102110,2008,France,Europe,ptxP3/fim3-2,Bouchez et. al. (2018)
ERR2102111|2008|France|Europe,ERR2102111,2008,France,Europe,ptxP3/fim3-1,Bouchez et. al. (2018)
ERR2102112|2008|France|Europe,ERR2102112,2008,France,Europe,ptxP3/fim3-2,Bouchez et. al. (2018)
ERR2102113|2008|France|Europe,ERR2102113,2008,France,Europe,ptxP3/fim3-2,Bouchez et. al. (2018)
ERR2102114|2008|France|Europe,ERR2102114,2008,France,Europe,ptxP3/fim3-2,Bouchez et. al. (2018)
ERR2102115|2008|France|Europe,ERR2102115,2008,France,Europe,ptxP3/fim3-1,Bouchez et. al. (2018)
ERR2102116|2008|France|Europe,ERR2102116,2008,France,Europe,ptxP3/fim3-2,Bouchez et. al. (2018)
ERR2102117|2008|France|Europe,ERR2102117,2008,France,Europe,Others,Bouchez et. al. (2018)
ERR2102118|2008|France|Europe,ERR2102118,2008,France,Europe,ptxP3/fim3-2,Bouchez et. al. (2018)
ERR2102119|2008|France|Europe,ERR2102119,2008,France,Europe,ptxP3/fim3-2,Bouchez et. al. (2018)
ERR2102120|2008|France|Europe,ERR2102120,2008,France,Europe,ptxP3/fim3-2,Bouchez et. al. (2018)
ERR2102121|2008|France|Europe,ERR2102121,2008,France,Europe,ptxP3/fim3-2,Bouchez et. al. (2018)
ERR2102122|2008|France|Europe,ERR2102122,2008,France,Europe,ptxP3/fim3-1,Bouchez et. al. (2018)
ERR2102123|2008|France|Europe,ERR2102123,2008,France,Europe,ptxP3/fim3-2,Bouchez et. al. (2018)
ERR2102124|2009|France|Europe,ERR2102124,2009,France,Europe,ptxP3/fim3-1,Bouchez et. al. (2018)
ERR2102125|2009|France|Europe,ERR2102125,2009,France,Europe,ptxP3/fim3-1,Bouchez et. al. (2018)
ERR2102126|2009|France|Europe,ERR2102126,2009,France,Europe,Others,Bouchez et. al. (2018)
ERR2102127|2009|France|Europe,ERR2102127,2009,France,Europe,Others,Bouchez et. al. (2018)
ERR2102128|2009|France|Europe,ERR2102128,2009,France,Europe,Others,Bouchez et. al. (2018)
ERR2102129|2011|France|Europe,ERR2102129,2011,France,Europe,Others,Bouchez et. al. (2018)
ERR2102130|2011|France|Europe,ERR2102130,2011,France,Europe,ptxP3/fim3-2,Bouchez et. al. (2018)
ERR2102131|2011|France|Europe,ERR2102131,2011,France,Europe,ptxP3/fim3-2,Bouchez et. al. (2018)
ERR2102132|2013|France|Europe,ERR2102132,2013,France,Europe,ptxP3/fim3-1,Bouchez et. al. (2018)
ERR2102133|2013|France|Europe,ERR2102133,2013,France,Europe,ptxP3/fim3-1,Bouchez et. al. (2018)
ERR2102134|2014|France|Europe,ERR2102134,2014,France,Europe,ptxP3/fim3-1,Bouchez et. al. (2018)
ERR2102135|2014|France|Europe,ERR2102135,2014,France,Europe,ptxP3/fim3-2,Bouchez et. al. (2018)
ERR2102136|2014|France|Europe,ERR2102136,2014,France,Europe,ptxP3/fim3-2,Bouchez et. al. (2018)
ERR2102137|2014|France|Europe,ERR2102137,2014,France,Europe,ptxP3/fim3-2,Bouchez et. al. (2018)
ERR2102138|2014|France|Europe,ERR2102138,2014,France,Europe,ptxP3/fim3-1,Bouchez et. al. (2018)
ERR2102139|2014|France|Europe,ERR2102139,2014,France,Europe,ptxP3/fim3-1,Bouchez et. al. (2018)
ERR2102140|2014|France|Europe,ERR2102140,2014,France,Europe,ptxP3/fim3-1,Bouchez et. al. (2018)
ERR2102141|2014|France|Europe,ERR2102141,2014,France,Europe,ptxP3/fim3-2,Bouchez et. al. (2018)
ERR2102142|2014|France|Europe,ERR2102142,2014,France,Europe,ptxP3/fim3-2,Bouchez et. al. (2018)
ERR2102143|2014|France|Europe,ERR2102143,2014,France,Europe,ptxP3/fim3-2,Bouchez et. al. (2018)
ERR2102144|2014|France|Europe,ERR2102144,2014,France,Europe,ptxP3/fim3-1,Bouchez et. al. (2018)
ERR2102145|2014|France|Europe,ERR2102145,2014,France,Europe,ptxP3/fim3-1,Bouchez et. al. (2018)
ERR2102146|2014|France|Europe,ERR2102146,2014,France,Europe,ptxP3/fim3-1,Bouchez et. al. (2018)
ERR2102147|2014|France|Europe,ERR2102147,2014,France,Europe,ptxP3/fim3-1,Bouchez et. al. (2018)
ERR2102148|2014|France|Europe,ERR2102148,2014,France,Europe,ptxP3/fim3-1,Bouchez et. al. (2018)
ERR2102149|2014|France|Europe,ERR2102149,2014,France,Europe,ptxP3/fim3-2,Bouchez et. al. (2018)
ERR2102150|2014|France|Europe,ERR2102150,2014,France,Europe,ptxP3/fim3-2,Bouchez et. al. (2018)
ERR2102151|2014|France|Europe,ERR2102151,2014,France,Europe,ptxP3/fim3-2,Bouchez et. al. (2018)
ERR2102152|2015|France|Europe,ERR2102152,2015,France,Europe,ptxP3/fim3-2,Bouchez et. al. (2018)
ERR2102153|2015|France|Europe,ERR2102153,2015,France,Europe,ptxP3/fim3-2,Bouchez et. al. (2018)
ERR2102154|2015|France|Europe,ERR2102154,2015,France,Europe,ptxP3/fim3-2,Bouchez et. al. (2018)
ERR2102155|2015|France|Europe,ERR2102155,2015,France,Europe,ptxP3/fim3-1,Bouchez et. al. (2018)
ERR2102156|2015|France|Europe,ERR2102156,2015,France,Europe,ptxP3/fim3-2,Bouchez et. al. (2018)
ERR2102157|2015|France|Europe,ERR2102157,2015,France,Europe,ptxP3/fim3-1,Bouchez et. al. (2018)
ERR2102158|2015|France|Europe,ERR2102158,2015,France,Europe,ptxP3/fim3-1,Bouchez et. al. (2018)
ERR2102159|2015|France|Europe,ERR2102159,2015,France,Europe,ptxP3/fim3-1,Bouchez et. al. (2018)
ERR2102160|2015|France|Europe,ERR2102160,2015,France,Europe,ptxP1/fim3-1,Bouchez et. al. (2018)
ERR2102161|2015|France|Europe,ERR2102161,2015,France,Europe,ptxP3/fim3-2,Bouchez et. al. (2018)
ERR2102162|2015|France|Europe,ERR2102162,2015,France,Europe,ptxP3/fim3-2,Bouchez et. al. (2018)
ERR2102163|2015|France|Europe,ERR2102163,2015,France,Europe,ptxP3/fim3-1,Bouchez et. al. (2018)
ERR5101983|1996|France|Europe,ERR5101983,1996,France,Europe,Others,NCBI
ERR5101984|1999|France|Europe,ERR5101984,1999,France,Europe,Others,NCBI
ERR5101985|2005|France|Europe,ERR5101988,2005,France,Europe,ptxP3/fim3-2,Bouchez et al. 2021
ERR5101986|2007|France|Europe,ERR5101986,2007,France,Europe,Others,Bouchez et. al. (2009)
ERR5101987|2018|France|Europe,ERR5101987,2018,France,Europe,ptxP3/fim3-2,Lefrancq & Bouchez et al. 2022
ERR5101988|1997|France|Europe,ERR5101985,1997,France,Europe,ptxP1/fim3-1,Bouchez et al. 2021
ERR5101989|1998|France|Europe,ERR5101989,1998,France,Europe,ptxP3/fim3-1,Lefrancq & Bouchez et al. 2022
ERR5101990|2009|France|Europe,ERR5101990,2009,France,Europe,ptxP3/fim3-2,Lefrancq & Bouchez et al. 2022
ERR5101991|2013|France|Europe,ERR5101991,2013,France,Europe,ptxP3/fim3-2,Lefrancq & Bouchez et al. 2022
ERR5101992|2013|France|Europe,ERR5101992,2013,France,Europe,ptxP3/fim3-1,Lefrancq & Bouchez et al. 2022
ERR5101993|2004|France|Europe,ERR5101993,2004,France,Europe,ptxP1/fim3-1,Lefrancq & Bouchez et al. 2022
ERR5101994|2004|France|Europe,ERR5101994,2004,France,Europe,ptxP3/fim3-2,Lefrancq & Bouchez et al. 2022
ERR5101995|2005|France|Europe,ERR5101995,2005,France,Europe,ptxP3/fim3-2,Lefrancq & Bouchez et al. 2022
ERR5101996|2005|France|Europe,ERR5101996,2005,France,Europe,ptxP3/fim3-2,Lefrancq & Bouchez et al. 2022
ERR5101997|2005|France|Europe,ERR5101997,2005,France,Europe,ptxP3/fim3-2,Lefrancq & Bouchez et al. 2022
ERR5101998|2006|France|Europe,ERR5101998,2006,France,Europe,ptxP3/fim3-2,Lefrancq & Bouchez et al. 2022
ERR5101999|2007|France|Europe,ERR5101999,2007,France,Europe,ptxP3/fim3-1,Bouchez et. al. (2009)
ERR5102000|2007|France|Europe,ERR5102000,2007,France,Europe,ptxP3/fim3-2,Lefrancq & Bouchez et al. 2022
ERR5102001|2007|France|Europe,ERR5102001,2007,France,Europe,ptxP3/fim3-2,Lefrancq & Bouchez et al. 2022
ERR5102002|2007|France|Europe,ERR5102002,2007,France,Europe,ptxP3/fim3-1,Lefrancq & Bouchez et al. 2022
ERR5102003|2008|France|Europe,ERR5102003,2008,France,Europe,ptxP3/fim3-2,Lefrancq & Bouchez et al. 2022
ERR5102004|2009|France|Europe,ERR5102004,2009,France,Europe,ptxP3/fim3-2,Lefrancq & Bouchez et al. 2022
ERR5102005|2009|France|Europe,ERR5102005,2009,France,Europe,ptxP3/fim3-1,Lefrancq & Bouchez et al. 2022
ERR5102006|2009|France|Europe,ERR5102006,2009,France,Europe,ptxP3/fim3-1,Lefrancq & Bouchez et al. 2022
ERR5102007|2009|France|Europe,ERR5102007,2009,France,Europe,ptxP3/fim3-2,Lefrancq & Bouchez et al. 2022
ERR5102008|2009|France|Europe,ERR5102008,2009,France,Europe,ptxP3/fim3-1,Lefrancq & Bouchez et al. 2022
ERR5102009|2009|France|Europe,ERR5102009,2009,France,Europe,ptxP3/fim3-2,Lefrancq & Bouchez et al. 2022
ERR5102010|2009|France|Europe,ERR5102010,2009,France,Europe,ptxP3/fim3-2,NCBI
ERR5102011|2010|France|Europe,ERR5102011,2010,France,Europe,ptxP3/fim3-2,Lefrancq & Bouchez et al. 2022
ERR5102012|2010|France|Europe,ERR5102012,2010,France,Europe,ptxP3/fim3-1,Lefrancq & Bouchez et al. 2022
ERR5102013|2010|France|Europe,ERR5102013,2010,France,Europe,ptxP1/fim3-1,Lefrancq & Bouchez et al. 2022
ERR5102014|2010|France|Europe,ERR5102014,2010,France,Europe,ptxP3/fim3-1,Lefrancq & Bouchez et al. 2022
ERR5102015|2010|France|Europe,ERR5102015,2010,France,Europe,ptxP3/fim3-1,Lefrancq & Bouchez et al. 2022
ERR5102016|2011|France|Europe,ERR5102016,2011,France,Europe,ptxP3/fim3-1,Lefrancq & Bouchez et al. 2022
ERR5102017|2011|France|Europe,ERR5102017,2011,France,Europe,ptxP3/fim3-2,Lefrancq & Bouchez et al. 2022
ERR5102018|2011|France|Europe,ERR5102018,2011,France,Europe,ptxP3/fim3-1,Lefrancq & Bouchez et al. 2022
ERR5102019|2011|France|Europe,ERR5102019,2011,France,Europe,ptxP3/fim3-1,Lefrancq & Bouchez et al. 2022
ERR5102020|2011|France|Europe,ERR5102020,2011,France,Europe,ptxP3/fim3-1,Lefrancq & Bouchez et al. 2022
ERR5102021|2011|France|Europe,ERR5102021,2011,France,Europe,ptxP3/fim3-2,Lefrancq & Bouchez et al. 2022
ERR5102022|2011|France|Europe,ERR5102022,2011,France,Europe,ptxP3/fim3-1,Lefrancq & Bouchez et al. 2022
ERR5102023|2011|France|Europe,ERR5102023,2011,France,Europe,ptxP3/fim3-1,Lefrancq & Bouchez et al. 2022
ERR5102024|2011|France|Europe,ERR5102024,2011,France,Europe,ptxP3/fim3-1,Lefrancq & Bouchez et al. 2022
ERR5102025|2011|France|Europe,ERR5102025,2011,France,Europe,ptxP3/fim3-2,Lefrancq & Bouchez et al. 2022
ERR5102026|2011|France|Europe,ERR5102026,2011,France,Europe,ptxP3/fim3-2,Lefrancq & Bouchez et al. 2022
ERR5102027|2011|France|Europe,ERR5102027,2011,France,Europe,ptxP3/fim3-2,Lefrancq & Bouchez et al. 2022
ERR5102028|2011|France|Europe,ERR5102028,2011,France,Europe,ptxP3/fim3-2,Lefrancq & Bouchez et al. 2022
ERR5102029|2011|France|Europe,ERR5102029,2011,France,Europe,ptxP3/fim3-1,Lefrancq & Bouchez et al. 2022
ERR5102030|2011|France|Europe,ERR5102030,2011,France,Europe,ptxP3/fim3-1,Lefrancq & Bouchez et al. 2022
ERR5102031|2011|France|Europe,ERR5102031,2011,France,Europe,ptxP3/fim3-1,Lefrancq & Bouchez et al. 2022
ERR5102032|2012|France|Europe,ERR5102032,2012,France,Europe,ptxP3/fim3-1,Lefrancq & Bouchez et al. 2022
ERR5102033|2012|France|Europe,ERR5102033,2012,France,Europe,ptxP3/fim3-2,Lefrancq & Bouchez et al. 2022
ERR5102034|2012|France|Europe,ERR5102034,2012,France,Europe,ptxP1/fim3-1,Lefrancq & Bouchez et al. 2022
ERR5102035|2012|France|Europe,ERR5102035,2012,France,Europe,ptxP3/fim3-1,Lefrancq & Bouchez et al. 2022
ERR5102036|2012|France|Europe,ERR5102036,2012,France,Europe,ptxP3/fim3-1,Lefrancq & Bouchez et al. 2022
ERR5102037|2012|France|Europe,ERR5102037,2012,France,Europe,ptxP3/fim3-2,Lefrancq & Bouchez et al. 2022
ERR5102038|2012|France|Europe,ERR5102038,2012,France,Europe,ptxP3/fim3-1,Lefrancq & Bouchez et al. 2022
ERR5102039|2012|France|Europe,ERR5102039,2012,France,Europe,ptxP3/fim3-1,Lefrancq & Bouchez et al. 2022
ERR5102040|2012|France|Europe,ERR5102040,2012,France,Europe,ptxP3/fim3-2,Lefrancq & Bouchez et al. 2022
ERR5102041|2012|France|Europe,ERR5102041,2012,France,Europe,ptxP3/fim3-1,Lefrancq & Bouchez et al. 2022
ERR5102042|2012|France|Europe,ERR5102042,2012,France,Europe,ptxP3/fim3-1,Lefrancq & Bouchez et al. 2022
ERR5102043|2012|France|Europe,ERR5102043,2012,France,Europe,ptxP3/fim3-2,Lefrancq & Bouchez et al. 2022
ERR5102044|2012|France|Europe,ERR5102044,2012,France,Europe,ptxP3/fim3-1,Lefrancq & Bouchez et al. 2022
ERR5102045|2012|France|Europe,ERR5102045,2012,France,Europe,ptxP3/fim3-1,Lefrancq & Bouchez et al. 2022
ERR5102046|2012|France|Europe,ERR5102046,2012,France,Europe,ptxP3/fim3-1,Lefrancq & Bouchez et al. 2022
ERR5102047|2012|France|Europe,ERR5102047,2012,France,Europe,ptxP3/fim3-2,Lefrancq & Bouchez et al. 2022
ERR5102048|2012|France|Europe,ERR5102048,2012,France,Europe,ptxP3/fim3-1,Lefrancq & Bouchez et al. 2022
ERR5102049|2012|France|Europe,ERR5102049,2012,France,Europe,ptxP3/fim3-2,Lefrancq & Bouchez et al. 2022
ERR5102050|2012|France|Europe,ERR5102050,2012,France,Europe,ptxP3/fim3-1,Hegerle et. al. (2014)
ERR5102051|2012|France|Europe,ERR5102051,2012,France,Europe,ptxP3/fim3-1,Lefrancq & Bouchez et al. 2022
ERR5102052|2012|France|Europe,ERR5102052,2012,France,Europe,ptxP3/fim3-1,Lefrancq & Bouchez et al. 2022
ERR5102053|2013|France|Europe,ERR5102053,2013,France,Europe,ptxP3/fim3-1,Lefrancq & Bouchez et al. 2022
ERR5102054|2013|France|Europe,ERR5102054,2013,France,Europe,ptxP3/fim3-2,Lefrancq & Bouchez et al. 2022
ERR5102055|2013|France|Europe,ERR5102055,2013,France,Europe,ptxP3/fim3-2,Lefrancq & Bouchez et al. 2022
ERR5102056|2013|France|Europe,ERR5102056,2013,France,Europe,ptxP3/fim3-1,Lefrancq & Bouchez et al. 2022
ERR5102057|2013|France|Europe,ERR5102057,2013,France,Europe,ptxP3/fim3-1,Lefrancq & Bouchez et al. 2022
ERR5102058|2013|France|Europe,ERR5102058,2013,France,Europe,ptxP3/fim3-2,NCBI
ERR5102059|2013|France|Europe,ERR5102059,2013,France,Europe,ptxP3/fim3-1,NCBI
ERR5102060|2013|France|Europe,ERR5102060,2013,France,Europe,ptxP3/fim3-1,Lefrancq & Bouchez et al. 2022
ERR5102061|2013|France|Europe,ERR5102061,2013,France,Europe,ptxP3/fim3-1,Lefrancq & Bouchez et al. 2022
ERR5102062|2013|France|Europe,ERR5102062,2013,France,Europe,ptxP3/fim3-1,Lefrancq & Bouchez et al. 2022
ERR5102063|2013|France|Europe,ERR5102063,2013,France,Europe,ptxP3/fim3-1,Lefrancq & Bouchez et al. 2022
ERR5102064|2013|France|Europe,ERR5102064,2013,France,Europe,ptxP3/fim3-1,Lefrancq & Bouchez et al. 2022
ERR5102065|2013|France|Europe,ERR5102065,2013,France,Europe,ptxP3/fim3-1,Lefrancq & Bouchez et al. 2022
ERR5102066|2013|France|Europe,ERR5102066,2013,France,Europe,ptxP3/fim3-1,Lefrancq & Bouchez et al. 2022
ERR5102067|2013|France|Europe,ERR5102067,2013,France,Europe,ptxP3/fim3-2,Lefrancq & Bouchez et al. 2022
ERR5102068|2013|France|Europe,ERR5102068,2013,France,Europe,ptxP3/fim3-1,Lefrancq & Bouchez et al. 2022
ERR5102069|2013|France|Europe,ERR5102069,2013,France,Europe,ptxP3/fim3-1,Lefrancq & Bouchez et al. 2022
ERR5102070|2013|France|Europe,ERR5102070,2013,France,Europe,ptxP3/fim3-1,Lefrancq & Bouchez et al. 2022
ERR5102071|2013|France|Europe,ERR5102071,2013,France,Europe,ptxP3/fim3-1,Lefrancq & Bouchez et al. 2022
ERR5102072|2013|France|Europe,ERR5102072,2013,France,Europe,ptxP3/fim3-2,NCBI
ERR5102073|2013|France|Europe,ERR5102073,2013,France,Europe,ptxP3/fim3-1,Lefrancq & Bouchez et al. 2022
ERR5102074|2013|France|Europe,ERR5102074,2013,France,Europe,ptxP3/fim3-1,Lefrancq & Bouchez et al. 2022
ERR5102075|2014|France|Europe,ERR5102075,2014,France,Europe,ptxP3/fim3-1,Lefrancq & Bouchez et al. 2022
ERR5102076|2014|France|Europe,ERR5102076,2014,France,Europe,ptxP3/fim3-1,Lefrancq & Bouchez et al. 2022
ERR5102077|2014|France|Europe,ERR5102077,2014,France,Europe,ptxP3/fim3-1,Lefrancq & Bouchez et al. 2022
ERR5102078|2014|France|Europe,ERR5102078,2014,France,Europe,ptxP3/fim3-1,Lefrancq & Bouchez et al. 2022
ERR5102079|2014|France|Europe,ERR5102079,2014,France,Europe,ptxP3/fim3-1,Lefrancq & Bouchez et al. 2022
ERR5102080|2014|France|Europe,ERR5102080,2014,France,Europe,ptxP3/fim3-2,Lefrancq & Bouchez et al. 2022
ERR5102081|2014|France|Europe,ERR5102081,2014,France,Europe,ptxP3/fim3-1,Lefrancq & Bouchez et al. 2022
ERR5102082|2014|France|Europe,ERR5102082,2014,France,Europe,ptxP3/fim3-1,Lefrancq & Bouchez et al. 2022
ERR5102083|2015|France|Europe,ERR5102083,2015,France,Europe,ptxP3/fim3-1,Lefrancq & Bouchez et al. 2022
ERR5102084|2015|France|Europe,ERR5102084,2015,France,Europe,ptxP3/fim3-1,Lefrancq & Bouchez et al. 2022
ERR5102085|2015|France|Europe,ERR5102085,2015,France,Europe,ptxP3/fim3-1,Lefrancq & Bouchez et al. 2022
ERR5102086|2015|France|Europe,ERR5102086,2015,France,Europe,ptxP3/fim3-1,Lefrancq & Bouchez et al. 2022
ERR5102087|2015|France|Europe,ERR5102087,2015,France,Europe,ptxP3/fim3-1,Lefrancq & Bouchez et al. 2022
ERR5102088|2015|France|Europe,ERR5102088,2015,France,Europe,ptxP3/fim3-2,Lefrancq & Bouchez et al. 2022
ERR5102089|2015|France|Europe,ERR5102089,2015,France,Europe,ptxP3/fim3-1,Lefrancq & Bouchez et al. 2022
ERR5102090|2015|France|Europe,ERR5102090,2015,France,Europe,ptxP3/fim3-2,Lefrancq & Bouchez et al. 2022
ERR5102091|2015|France|Europe,ERR5102091,2015,France,Europe,ptxP3/fim3-1,Lefrancq & Bouchez et al. 2022
ERR5102092|2016|France|Europe,ERR5102092,2016,France,Europe,ptxP3/fim3-1,Lefrancq & Bouchez et al. 2022
ERR5102093|2016|France|Europe,ERR5102093,2016,France,Europe,ptxP3/fim3-1,Lefrancq & Bouchez et al. 2022
ERR5102094|2016|France|Europe,ERR5102094,2016,France,Europe,ptxP3/fim3-1,Lefrancq & Bouchez et al. 2022
ERR5102095|2016|France|Europe,ERR5102095,2016,France,Europe,ptxP3/fim3-1,Lefrancq & Bouchez et al. 2022
ERR5102096|2016|France|Europe,ERR5102096,2016,France,Europe,ptxP3/fim3-1,Lefrancq & Bouchez et al. 2022
ERR5102097|2016|France|Europe,ERR5102097,2016,France,Europe,ptxP3/fim3-1,Lefrancq & Bouchez et al. 2022
ERR5102098|2016|France|Europe,ERR5102098,2016,France,Europe,ptxP3/fim3-1,Lefrancq & Bouchez et al. 2022
ERR5102099|2016|France|Europe,ERR5102099,2016,France,Europe,ptxP3/fim3-2,Lefrancq & Bouchez et al. 2022
ERR5102100|2016|France|Europe,ERR5102100,2016,France,Europe,ptxP3/fim3-1,Lefrancq & Bouchez et al. 2022
ERR5102101|2016|France|Europe,ERR5102101,2016,France,Europe,ptxP3/fim3-1,Lefrancq & Bouchez et al. 2022
ERR5102102|2016|France|Europe,ERR5102102,2016,France,Europe,ptxP3/fim3-2,Lefrancq & Bouchez et al. 2022
ERR5102103|2016|France|Europe,ERR5102103,2016,France,Europe,ptxP3/fim3-1,Lefrancq & Bouchez et al. 2022
ERR5102104|2016|France|Europe,ERR5102104,2016,France,Europe,ptxP3/fim3-1,Lefrancq & Bouchez et al. 2022
ERR5102105|2016|France|Europe,ERR5102105,2016,France,Europe,ptxP3/fim3-2,Lefrancq & Bouchez et al. 2022
ERR5102106|2016|France|Europe,ERR5102106,2016,France,Europe,ptxP3/fim3-2,Lefrancq & Bouchez et al. 2022
ERR5102107|2016|France|Europe,ERR5102107,2016,France,Europe,ptxP3/fim3-2,Lefrancq & Bouchez et al. 2022
ERR5102108|2017|France|Europe,ERR5102108,2017,France,Europe,ptxP3/fim3-1,Lefrancq & Bouchez et al. 2022
ERR5102109|2017|France|Europe,ERR5102109,2017,France,Europe,ptxP3/fim3-1,Lefrancq & Bouchez et al. 2022
ERR5102110|2017|France|Europe,ERR5102110,2017,France,Europe,Others,Lefrancq & Bouchez et al. 2022
ERR5102111|2017|France|Europe,ERR5102111,2017,France,Europe,ptxP3/fim3-1,Lefrancq & Bouchez et al. 2022
ERR5102112|2017|France|Europe,ERR5102112,2017,France,Europe,ptxP3/fim3-1,Lefrancq & Bouchez et al. 2022
ERR5102113|2017|France|Europe,ERR5102113,2017,France,Europe,ptxP3/fim3-1,Lefrancq & Bouchez et al. 2022
ERR5102114|2017|France|Europe,ERR5102114,2017,France,Europe,ptxP3/fim3-1,Lefrancq & Bouchez et al. 2022
ERR5102115|2017|France|Europe,ERR5102115,2017,France,Europe,ptxP3/fim3-1,Lefrancq & Bouchez et al. 2022
ERR5102116|2017|France|Europe,ERR5102116,2017,France,Europe,ptxP3/fim3-2,Lefrancq & Bouchez et al. 2022
ERR5102117|2017|France|Europe,ERR5102117,2017,France,Europe,ptxP3/fim3-1,Lefrancq & Bouchez et al. 2022
ERR5102118|2017|France|Europe,ERR5102118,2017,France,Europe,ptxP3/fim3-1,Lefrancq & Bouchez et al. 2022
ERR5102119|2017|France|Europe,ERR5102119,2017,France,Europe,ptxP3/fim3-1,Lefrancq & Bouchez et al. 2022
ERR5102120|2017|France|Europe,ERR5102120,2017,France,Europe,ptxP3/fim3-1,Lefrancq & Bouchez et al. 2022
ERR5102121|2017|France|Europe,ERR5102121,2017,France,Europe,ptxP3/fim3-1,Lefrancq & Bouchez et al. 2022
ERR5102122|2017|France|Europe,ERR5102122,2017,France,Europe,ptxP3/fim3-1,Lefrancq & Bouchez et al. 2022
ERR5102123|2017|France|Europe,ERR5102123,2017,France,Europe,ptxP3/fim3-1,Lefrancq & Bouchez et al. 2022
ERR5102124|2017|France|Europe,ERR5102124,2017,France,Europe,ptxP3/fim3-1,Lefrancq & Bouchez et al. 2022
ERR5102125|2017|France|Europe,ERR5102125,2017,France,Europe,ptxP3/fim3-1,Lefrancq & Bouchez et al. 2022
ERR5102126|2017|France|Europe,ERR5102126,2017,France,Europe,ptxP3/fim3-1,Lefrancq & Bouchez et al. 2022
ERR5102127|2017|France|Europe,ERR5102127,2017,France,Europe,ptxP3/fim3-1,Lefrancq & Bouchez et al. 2022
ERR5102128|2017|France|Europe,ERR5102128,2017,France,Europe,ptxP3/fim3-1,Lefrancq & Bouchez et al. 2022
ERR5102129|2017|France|Europe,ERR5102129,2017,France,Europe,ptxP3/fim3-1,Lefrancq & Bouchez et al. 2022
ERR5102130|2017|France|Europe,ERR5102130,2017,France,Europe,ptxP3/fim3-1,Lefrancq & Bouchez et al. 2022
ERR5102131|2017|France|Europe,ERR5102131,2017,France,Europe,ptxP3/fim3-1,Lefrancq & Bouchez et al. 2022
ERR5102132|2017|France|Europe,ERR5102132,2017,France,Europe,ptxP3/fim3-1,Lefrancq & Bouchez et al. 2022
ERR5102133|2017|France|Europe,ERR5102133,2017,France,Europe,ptxP3/fim3-1,Lefrancq & Bouchez et al. 2022
ERR5102134|2017|France|Europe,ERR5102134,2017,France,Europe,ptxP3/fim3-1,Lefrancq & Bouchez et al. 2022
ERR5102135|2017|France|Europe,ERR5102135,2017,France,Europe,ptxP3/fim3-1,Lefrancq & Bouchez et al. 2022
ERR5102136|2017|France|Europe,ERR5102136,2017,France,Europe,ptxP3/fim3-1,Lefrancq & Bouchez et al. 2022
ERR5102137|2017|France|Europe,ERR5102137,2017,France,Europe,ptxP3/fim3-1,Lefrancq & Bouchez et al. 2022
ERR5102138|2017|France|Europe,ERR5102138,2017,France,Europe,ptxP3/fim3-1,Lefrancq & Bouchez et al. 2022
ERR5102139|2017|France|Europe,ERR5102139,2017,France,Europe,ptxP3/fim3-2,Lefrancq & Bouchez et al. 2022
ERR5102140|2017|France|Europe,ERR5102140,2017,France,Europe,ptxP3/fim3-1,Lefrancq & Bouchez et al. 2022
ERR5102141|2017|France|Europe,ERR5102141,2017,France,Europe,ptxP3/fim3-1,Lefrancq & Bouchez et al. 2022
ERR5102142|2018|France|Europe,ERR5102142,2018,France,Europe,ptxP3/fim3-1,Lefrancq & Bouchez et al. 2022
ERR5102143|2018|France|Europe,ERR5102143,2018,France,Europe,ptxP3/fim3-2,Lefrancq & Bouchez et al. 2022
ERR5102144|2018|France|Europe,ERR5102144,2018,France,Europe,ptxP3/fim3-1,Lefrancq & Bouchez et al. 2022
ERR5102145|2018|France|Europe,ERR5102145,2018,France,Europe,ptxP3/fim3-2,Lefrancq & Bouchez et al. 2022
ERR5102146|2018|France|Europe,ERR5102146,2018,France,Europe,ptxP3/fim3-1,Lefrancq & Bouchez et al. 2022
ERR5102147|2018|France|Europe,ERR5102147,2018,France,Europe,ptxP3/fim3-1,Lefrancq & Bouchez et al. 2022
ERR5102148|2018|France|Europe,ERR5102148,2018,France,Europe,ptxP3/fim3-1,Lefrancq & Bouchez et al. 2022
ERR5102149|2018|France|Europe,ERR5102149,2018,France,Europe,ptxP3/fim3-1,Lefrancq & Bouchez et al. 2022
ERR5102150|2018|France|Europe,ERR5102150,2018,France,Europe,ptxP3/fim3-1,Lefrancq & Bouchez et al. 2022
ERR5102151|2018|France|Europe,ERR5102151,2018,France,Europe,ptxP3/fim3-1,Lefrancq & Bouchez et al. 2022
ERR5102152|2018|France|Europe,ERR5102152,2018,France,Europe,ptxP3/fim3-1,Lefrancq & Bouchez et al. 2022
ERR5102153|2018|France|Europe,ERR5102153,2018,France,Europe,ptxP3/fim3-1,Lefrancq & Bouchez et al. 2022
ERR5102154|2018|France|Europe,ERR5102154,2018,France,Europe,ptxP3/fim3-1,Lefrancq & Bouchez et al. 2022
ERR5102155|2018|France|Europe,ERR5102155,2018,France,Europe,ptxP3/fim3-1,Lefrancq & Bouchez et al. 2022
ERR5102156|2018|France|Europe,ERR5102156,2018,France,Europe,ptxP3/fim3-2,Lefrancq & Bouchez et al. 2022
ERR5102157|2018|France|Europe,ERR5102157,2018,France,Europe,ptxP3/fim3-1,Lefrancq & Bouchez et al. 2022
ERR5102158|2018|France|Europe,ERR5102158,2018,France,Europe,ptxP3/fim3-1,Lefrancq & Bouchez et al. 2022
ERR5102159|2018|France|Europe,ERR5102159,2018,France,Europe,ptxP3/fim3-1,Lefrancq & Bouchez et al. 2022
ERR5102160|2018|France|Europe,ERR5102160,2018,France,Europe,ptxP3/fim3-1,Lefrancq & Bouchez et al. 2022
ERR5102161|2018|France|Europe,ERR5102161,2018,France,Europe,ptxP3/fim3-1,Lefrancq & Bouchez et al. 2022
ERR5102162|2018|France|Europe,ERR5102162,2018,France,Europe,ptxP3/fim3-2,Lefrancq & Bouchez et al. 2022
ERR5102163|2018|France|Europe,ERR5102163,2018,France,Europe,ptxP3/fim3-2,Lefrancq & Bouchez et al. 2022
ERR5102164|2018|France|Europe,ERR5102164,2018,France,Europe,ptxP3/fim3-1,Lefrancq & Bouchez et al. 2022
ERR5102165|2018|France|Europe,ERR5102165,2018,France,Europe,ptxP3/fim3-2,Lefrancq & Bouchez et al. 2022
ERR5102166|2018|France|Europe,ERR5102166,2018,France,Europe,ptxP3/fim3-1,Lefrancq & Bouchez et al. 2022
ERR5102167|2018|France|Europe,ERR5102167,2018,France,Europe,ptxP3/fim3-1,Lefrancq & Bouchez et al. 2022
ERR5102168|2018|France|Europe,ERR5102168,2018,France,Europe,ptxP3/fim3-2,Lefrancq & Bouchez et al. 2022
ERR5102169|2018|France|Europe,ERR5102169,2018,France,Europe,ptxP3/fim3-1,Lefrancq & Bouchez et al. 2022
ERR5102170|2018|France|Europe,ERR5102170,2018,France,Europe,ptxP3/fim3-2,Lefrancq & Bouchez et al. 2022
ERR5102171|2018|France|Europe,ERR5102171,2018,France,Europe,ptxP3/fim3-1,Lefrancq & Bouchez et al. 2022
ERR5102172|2018|France|Europe,ERR5102172,2018,France,Europe,ptxP3/fim3-1,Lefrancq & Bouchez et al. 2022
ERR6044068|1953|France|Europe,ERR6044068,1953,France,Europe,Others,Lefrancq & Bouchez et al. 2022
ERR6044069|1993|France|Europe,ERR6044069,1993,France,Europe,ptxP1/fim3-1,Lefrancq & Bouchez et al. 2022
ERR6044070|1994|France|Europe,ERR6044070,1994,France,Europe,ptxP1/fim3-1,Lefrancq & Bouchez et al. 2022
ERR6044071|1994|France|Europe,ERR6044071,1994,France,Europe,ptxP3/fim3-1,Lefrancq & Bouchez et al. 2022
ERR6044072|1994|France|Europe,ERR6044072,1994,France,Europe,ptxP1/fim3-1,Lefrancq & Bouchez et al. 2022
ERR6044073|1994|France|Europe,ERR6044073,1994,France,Europe,ptxP1/fim3-1,Lefrancq & Bouchez et al. 2022
ERR6044074|1994|France|Europe,ERR6044074,1994,France,Europe,ptxP1/fim3-1,Lefrancq & Bouchez et al. 2022
ERR6044075|1994|France|Europe,ERR6044075,1994,France,Europe,ptxP3/fim3-1,Lefrancq & Bouchez et al. 2022
ERR6044076|1994|France|Europe,ERR6044076,1994,France,Europe,ptxP1/fim3-1,Lefrancq & Bouchez et al. 2022
ERR6044077|1994|France|Europe,ERR6044077,1994,France,Europe,ptxP1/fim3-1,Lefrancq & Bouchez et al. 2022
ERR6044078|1994|France|Europe,ERR6044078,1994,France,Europe,ptxP1/fim3-1,Lefrancq & Bouchez et al. 2022
ERR6044079|1994|France|Europe,ERR6044079,1994,France,Europe,ptxP1/fim3-1,Lefrancq & Bouchez et al. 2022
ERR6044080|1994|France|Europe,ERR6044080,1994,France,Europe,ptxP3/fim3-1,Lefrancq & Bouchez et al. 2022
ERR6044081|1994|France|Europe,ERR6044081,1994,France,Europe,ptxP1/fim3-1,Lefrancq & Bouchez et al. 2022
ERR6044082|1994|France|Europe,ERR6044082,1994,France,Europe,ptxP3/fim3-1,Lefrancq & Bouchez et al. 2022
ERR6044083|1994|France|Europe,ERR6044083,1994,France,Europe,ptxP1/fim3-1,Lefrancq & Bouchez et al. 2022
ERR6044084|1994|France|Europe,ERR6044084,1994,France,Europe,ptxP1/fim3-1,Lefrancq & Bouchez et al. 2022
ERR6044085|1995|France|Europe,ERR6044085,1995,France,Europe,ptxP1/fim3-1,Lefrancq & Bouchez et al. 2022
ERR6044086|1995|France|Europe,ERR6044086,1995,France,Europe,ptxP1/fim3-1,Lefrancq & Bouchez et al. 2022
ERR6044087|1995|France|Europe,ERR6044087,1995,France,Europe,ptxP1/fim3-1,Lefrancq & Bouchez et al. 2022
ERR6044088|1995|France|Europe,ERR6044088,1995,France,Europe,ptxP1/fim3-1,Lefrancq & Bouchez et al. 2022
ERR6044089|1995|France|Europe,ERR6044089,1995,France,Europe,ptxP1/fim3-1,Lefrancq & Bouchez et al. 2022
ERR6044090|1995|France|Europe,ERR6044090,1995,France,Europe,ptxP1/fim3-1,Lefrancq & Bouchez et al. 2022
ERR6044091|1995|France|Europe,ERR6044091,1995,France,Europe,ptxP1/fim3-1,Lefrancq & Bouchez et al. 2022
ERR6044092|1995|France|Europe,ERR6044092,1995,France,Europe,ptxP3/fim3-1,Lefrancq & Bouchez et al. 2022
ERR6044093|1995|France|Europe,ERR6044093,1995,France,Europe,ptxP3/fim3-1,Lefrancq & Bouchez et al. 2022
ERR6044094|1995|France|Europe,ERR6044094,1995,France,Europe,ptxP1/fim3-1,Lefrancq & Bouchez et al. 2022
ERR6044095|1995|France|Europe,ERR6044095,1995,France,Europe,ptxP1/fim3-1,Lefrancq & Bouchez et al. 2022
ERR6044096|1995|France|Europe,ERR6044096,1995,France,Europe,Others,Lefrancq & Bouchez et al. 2022
ERR6044097|1995|France|Europe,ERR6044097,1995,France,Europe,ptxP3/fim3-1,Lefrancq & Bouchez et al. 2022
ERR6044098|1995|France|Europe,ERR6044098,1995,France,Europe,ptxP1/fim3-1,Lefrancq & Bouchez et al. 2022
ERR6044099|1995|France|Europe,ERR6044099,1995,France,Europe,ptxP1/fim3-1,Lefrancq & Bouchez et al. 2022
ERR6044100|1995|France|Europe,ERR6044100,1995,France,Europe,ptxP1/fim3-1,Lefrancq & Bouchez et al. 2022
ERR6044101|1995|France|Europe,ERR6044101,1995,France,Europe,ptxP1/fim3-1,Lefrancq & Bouchez et al. 2022
ERR6044102|1995|France|Europe,ERR6044102,1995,France,Europe,ptxP1/fim3-1,Lefrancq & Bouchez et al. 2022
ERR6044103|1995|France|Europe,ERR6044103,1995,France,Europe,ptxP1/fim3-1,Lefrancq & Bouchez et al. 2022
ERR6044104|1995|France|Europe,ERR6044104,1995,France,Europe,ptxP1/fim3-1,Lefrancq & Bouchez et al. 2022
ERR6044105|1995|France|Europe,ERR6044105,1995,France,Europe,ptxP1/fim3-1,Lefrancq & Bouchez et al. 2022
ERR6044106|1995|France|Europe,ERR6044106,1995,France,Europe,ptxP1/fim3-1,Lefrancq & Bouchez et al. 2022
ERR6044107|1995|France|Europe,ERR6044107,1995,France,Europe,ptxP1/fim3-1,Lefrancq & Bouchez et al. 2022
ERR6044108|1995|France|Europe,ERR6044108,1995,France,Europe,ptxP1/fim3-1,Lefrancq & Bouchez et al. 2022
ERR6044109|1995|France|Europe,ERR6044109,1995,France,Europe,ptxP1/fim3-1,Lefrancq & Bouchez et al. 2022
ERR6044110|1995|France|Europe,ERR6044110,1995,France,Europe,ptxP1/fim3-1,Lefrancq & Bouchez et al. 2022
ERR6044111|1995|France|Europe,ERR6044111,1995,France,Europe,ptxP1/fim3-1,Lefrancq & Bouchez et al. 2022
ERR6044112|1995|France|Europe,ERR6044112,1995,France,Europe,ptxP1/fim3-1,Lefrancq & Bouchez et al. 2022
ERR6044113|1995|France|Europe,ERR6044113,1995,France,Europe,ptxP1/fim3-1,Lefrancq & Bouchez et al. 2022
ERR6044114|1995|France|Europe,ERR6044114,1995,France,Europe,ptxP1/fim3-1,Lefrancq & Bouchez et al. 2022
ERR6044115|1995|France|Europe,ERR6044115,1995,France,Europe,ptxP3/fim3-1,Lefrancq & Bouchez et al. 2022
ERR6044116|1995|France|Europe,ERR6044116,1995,France,Europe,ptxP1/fim3-1,Lefrancq & Bouchez et al. 2022
ERR6044117|1995|France|Europe,ERR6044117,1995,France,Europe,ptxP3/fim3-1,Lefrancq & Bouchez et al. 2022
ERR6044118|1995|France|Europe,ERR6044118,1995,France,Europe,ptxP1/fim3-1,Lefrancq & Bouchez et al. 2022
ERR6044119|1995|France|Europe,ERR6044119,1995,France,Europe,ptxP1/fim3-1,Lefrancq & Bouchez et al. 2022
ERR6044120|1995|France|Europe,ERR6044120,1995,France,Europe,ptxP1/fim3-1,Lefrancq & Bouchez et al. 2022
ERR6044121|1995|France|Europe,ERR6044121,1995,France,Europe,ptxP1/fim3-1,Lefrancq & Bouchez et al. 2022
ERR6044122|1996|France|Europe,ERR6044122,1996,France,Europe,ptxP1/fim3-1,Lefrancq & Bouchez et al. 2022
ERR6044123|1996|France|Europe,ERR6044123,1996,France,Europe,ptxP1/fim3-1,Lefrancq & Bouchez et al. 2022
ERR6044124|1996|France|Europe,ERR6044124,1996,France,Europe,ptxP1/fim3-1,Lefrancq & Bouchez et al. 2022
ERR6044125|1996|France|Europe,ERR6044125,1996,France,Europe,ptxP3/fim3-1,Lefrancq & Bouchez et al. 2022
ERR6044126|1996|France|Europe,ERR6044126,1996,France,Europe,ptxP1/fim3-1,Lefrancq & Bouchez et al. 2022
ERR6044127|1996|France|Europe,ERR6044127,1996,France,Europe,ptxP1/fim3-1,Lefrancq & Bouchez et al. 2022
ERR6044128|1996|France|Europe,ERR6044128,1996,France,Europe,ptxP1/fim3-1,Lefrancq & Bouchez et al. 2022
ERR6044129|1996|France|Europe,ERR6044129,1996,France,Europe,ptxP1/fim3-1,Lefrancq & Bouchez et al. 2022
ERR6044130|1996|France|Europe,ERR6044130,1996,France,Europe,ptxP1/fim3-1,Lefrancq & Bouchez et al. 2022
ERR6044131|1996|France|Europe,ERR6044131,1996,France,Europe,ptxP3/fim3-1,Lefrancq & Bouchez et al. 2022
ERR6044132|1996|France|Europe,ERR6044132,1996,France,Europe,ptxP1/fim3-1,Lefrancq & Bouchez et al. 2022
ERR6044133|1996|France|Europe,ERR6044133,1996,France,Europe,ptxP1/fim3-1,Lefrancq & Bouchez et al. 2022
ERR6044134|1996|France|Europe,ERR6044134,1996,France,Europe,ptxP1/fim3-1,Lefrancq & Bouchez et al. 2022
ERR6044135|1996|France|Europe,ERR6044135,1996,France,Europe,ptxP1/fim3-1,Lefrancq & Bouchez et al. 2022
ERR6044136|1996|France|Europe,ERR6044136,1996,France,Europe,ptxP1/fim3-1,Lefrancq & Bouchez et al. 2022
ERR6044137|1996|France|Europe,ERR6044137,1996,France,Europe,ptxP1/fim3-1,Lefrancq & Bouchez et al. 2022
ERR6044138|1996|France|Europe,ERR6044138,1996,France,Europe,ptxP1/fim3-1,Lefrancq & Bouchez et al. 2022
ERR6044139|1996|France|Europe,ERR6044139,1996,France,Europe,ptxP3/fim3-1,Lefrancq & Bouchez et al. 2022
ERR6044140|1996|France|Europe,ERR6044140,1996,France,Europe,ptxP1/fim3-1,Lefrancq & Bouchez et al. 2022
ERR6044141|1996|France|Europe,ERR6044141,1996,France,Europe,ptxP3/fim3-1,Lefrancq & Bouchez et al. 2022
ERR6044142|1997|France|Europe,ERR6044142,1997,France,Europe,ptxP1/fim3-1,Lefrancq & Bouchez et al. 2022
ERR6044143|1997|France|Europe,ERR6044143,1997,France,Europe,ptxP1/fim3-1,Lefrancq & Bouchez et al. 2022
ERR6044144|1997|France|Europe,ERR6044144,1997,France,Europe,ptxP1/fim3-1,Lefrancq & Bouchez et al. 2022
ERR6044145|1997|France|Europe,ERR6044145,1997,France,Europe,ptxP1/fim3-1,Lefrancq & Bouchez et al. 2022
ERR6044146|1997|France|Europe,ERR6044146,1997,France,Europe,ptxP1/fim3-1,Lefrancq & Bouchez et al. 2022
ERR6044147|1997|France|Europe,ERR6044147,1997,France,Europe,ptxP3/fim3-2,Lefrancq & Bouchez et al. 2022
ERR6044148|1997|France|Europe,ERR6044148,1997,France,Europe,ptxP1/fim3-1,Lefrancq & Bouchez et al. 2022
ERR6044149|1997|France|Europe,ERR6044149,1997,France,Europe,ptxP3/fim3-1,Lefrancq & Bouchez et al. 2022
ERR6044150|1997|France|Europe,ERR6044150,1997,France,Europe,ptxP1/fim3-1,Lefrancq & Bouchez et al. 2022
ERR6044151|1997|France|Europe,ERR6044151,1997,France,Europe,ptxP3/fim3-2,Lefrancq & Bouchez et al. 2022
ERR6044152|1998|France|Europe,ERR6044152,1998,France,Europe,ptxP1/fim3-1,Lefrancq & Bouchez et al. 2022
ERR6044153|1998|France|Europe,ERR6044153,1998,France,Europe,ptxP3/fim3-2,Lefrancq & Bouchez et al. 2022
ERR6044154|1998|France|Europe,ERR6044154,1998,France,Europe,ptxP3/fim3-2,Lefrancq & Bouchez et al. 2022
ERR6044155|1998|France|Europe,ERR6044155,1998,France,Europe,ptxP3/fim3-2,Lefrancq & Bouchez et al. 2022
ERR6044156|1998|France|Europe,ERR6044156,1998,France,Europe,ptxP3/fim3-2,Lefrancq & Bouchez et al. 2022
ERR6044157|1998|France|Europe,ERR6044157,1998,France,Europe,ptxP3/fim3-1,Lefrancq & Bouchez et al. 2022
ERR6044158|1998|France|Europe,ERR6044158,1998,France,Europe,ptxP1/fim3-1,Lefrancq & Bouchez et al. 2022
ERR6044159|1998|France|Europe,ERR6044159,1998,France,Europe,ptxP1/fim3-1,Lefrancq & Bouchez et al. 2022
ERR6044160|1998|France|Europe,ERR6044160,1998,France,Europe,ptxP3/fim3-1,Lefrancq & Bouchez et al. 2022
ERR6044161|1998|France|Europe,ERR6044161,1998,France,Europe,Others,Lefrancq & Bouchez et al. 2022
ERR6044162|1998|France|Europe,ERR6044162,1998,France,Europe,ptxP3/fim3-2,Lefrancq & Bouchez et al. 2022
ERR6044163|1998|France|Europe,ERR6044163,1998,France,Europe,ptxP3/fim3-1,Lefrancq & Bouchez et al. 2022
ERR6044164|1998|France|Europe,ERR6044164,1998,France,Europe,ptxP3/fim3-1,Lefrancq & Bouchez et al. 2022
ERR6044165|1998|France|Europe,ERR6044165,1998,France,Europe,ptxP3/fim3-2,Lefrancq & Bouchez et al. 2022
ERR6044166|1998|France|Europe,ERR6044166,1998,France,Europe,ptxP3/fim3-1,Lefrancq & Bouchez et al. 2022
ERR6044167|1998|France|Europe,ERR6044167,1998,France,Europe,ptxP3/fim3-2,Lefrancq & Bouchez et al. 2022
ERR6044168|1998|France|Europe,ERR6044168,1998,France,Europe,ptxP1/fim3-1,Lefrancq & Bouchez et al. 2022
ERR6044169|1998|France|Europe,ERR6044169,1998,France,Europe,ptxP3/fim3-2,Lefrancq & Bouchez et al. 2022
ERR6044170|1998|France|Europe,ERR6044170,1998,France,Europe,ptxP3/fim3-2,Lefrancq & Bouchez et al. 2022
ERR6044171|1998|France|Europe,ERR6044171,1998,France,Europe,ptxP3/fim3-2,Lefrancq & Bouchez et al. 2022
ERR6044172|1998|France|Europe,ERR6044172,1998,France,Europe,ptxP3/fim3-2,Lefrancq & Bouchez et al. 2022
ERR6044173|1998|France|Europe,ERR6044173,1998,France,Europe,ptxP3/fim3-2,Lefrancq & Bouchez et al. 2022
ERR6044174|1998|France|Europe,ERR6044174,1998,France,Europe,ptxP3/fim3-2,Lefrancq & Bouchez et al. 2022
ERR6044175|1999|France|Europe,ERR6044175,1999,France,Europe,ptxP3/fim3-2,Lefrancq & Bouchez et al. 2022
ERR6044176|1999|France|Europe,ERR6044176,1999,France,Europe,ptxP3/fim3-2,Lefrancq & Bouchez et al. 2022
ERR6044177|1999|France|Europe,ERR6044177,1999,France,Europe,ptxP3/fim3-2,Lefrancq & Bouchez et al. 2022
ERR6044178|1999|France|Europe,ERR6044178,1999,France,Europe,ptxP3/fim3-2,Lefrancq & Bouchez et al. 2022
ERR6044179|1999|France|Europe,ERR6044179,1999,France,Europe,ptxP1/fim3-1,Lefrancq & Bouchez et al. 2022
ERR6044180|1999|France|Europe,ERR6044180,1999,France,Europe,ptxP1/fim3-1,Lefrancq & Bouchez et al. 2022
ERR6044181|1999|France|Europe,ERR6044181,1999,France,Europe,ptxP3/fim3-2,Lefrancq & Bouchez et al. 2022
ERR6044182|1999|France|Europe,ERR6044182,1999,France,Europe,ptxP3/fim3-2,Lefrancq & Bouchez et al. 2022
ERR6044183|1999|France|Europe,ERR6044183,1999,France,Europe,ptxP1/fim3-1,Lefrancq & Bouchez et al. 2022
ERR6044184|1999|France|Europe,ERR6044184,1999,France,Europe,ptxP3/fim3-2,Lefrancq & Bouchez et al. 2022
ERR6044185|2000|France|Europe,ERR6044185,2000,France,Europe,ptxP1/fim3-1,Lefrancq & Bouchez et al. 2022
ERR6044186|2000|France|Europe,ERR6044186,2000,France,Europe,ptxP3/fim3-2,Lefrancq & Bouchez et al. 2022
ERR6044187|2000|France|Europe,ERR6044187,2000,France,Europe,ptxP3/fim3-2,Lefrancq & Bouchez et al. 2022
ERR6044188|2000|France|Europe,ERR6044188,2000,France,Europe,ptxP3/fim3-1,Lefrancq & Bouchez et al. 2022
ERR6044189|2000|France|Europe,ERR6044189,2000,France,Europe,ptxP3/fim3-2,Lefrancq & Bouchez et al. 2022
ERR6044190|2000|France|Europe,ERR6044190,2000,France,Europe,ptxP3/fim3-2,Lefrancq & Bouchez et al. 2022
ERR6044191|2000|France|Europe,ERR6044191,2000,France,Europe,ptxP3/fim3-1,Lefrancq & Bouchez et al. 2022
ERR6044192|2000|France|Europe,ERR6044192,2000,France,Europe,ptxP3/fim3-2,Lefrancq & Bouchez et al. 2022
ERR6044193|2000|France|Europe,ERR6044193,2000,France,Europe,ptxP3/fim3-2,Lefrancq & Bouchez et al. 2022
ERR6044194|2000|France|Europe,ERR6044194,2000,France,Europe,ptxP3/fim3-2,Lefrancq & Bouchez et al. 2022
ERR6044195|2001|France|Europe,ERR6044195,2001,France,Europe,ptxP3/fim3-2,Lefrancq & Bouchez et al. 2022
ERR6044196|2001|France|Europe,ERR6044196,2001,France,Europe,ptxP1/fim3-1,Lefrancq & Bouchez et al. 2022
ERR6044197|2001|France|Europe,ERR6044197,2001,France,Europe,ptxP1/fim3-1,Lefrancq & Bouchez et al. 2022
ERR6044198|2001|France|Europe,ERR6044198,2001,France,Europe,ptxP3/fim3-2,Lefrancq & Bouchez et al. 2022
ERR6044199|2001|France|Europe,ERR6044199,2001,France,Europe,ptxP3/fim3-2,Lefrancq & Bouchez et al. 2022
ERR6044200|2001|France|Europe,ERR6044200,2001,France,Europe,ptxP3/fim3-2,Lefrancq & Bouchez et al. 2022
ERR6044201|2001|France|Europe,ERR6044201,2001,France,Europe,ptxP3/fim3-2,Lefrancq & Bouchez et al. 2022
ERR6044202|2001|France|Europe,ERR6044202,2001,France,Europe,ptxP3/fim3-2,Lefrancq & Bouchez et al. 2022
ERR6044203|2002|France|Europe,ERR6044203,2002,France,Europe,ptxP3/fim3-2,Lefrancq & Bouchez et al. 2022
ERR6044204|2002|France|Europe,ERR6044204,2002,France,Europe,ptxP3/fim3-2,Lefrancq & Bouchez et al. 2022
ERR6044205|2002|France|Europe,ERR6044205,2002,France,Europe,ptxP3/fim3-2,Lefrancq & Bouchez et al. 2022
ERR6044206|2002|France|Europe,ERR6044206,2002,France,Europe,ptxP3/fim3-2,Lefrancq & Bouchez et al. 2022
ERR6044207|2002|France|Europe,ERR6044207,2002,France,Europe,ptxP3/fim3-2,Lefrancq & Bouchez et al. 2022
ERR6044208|2002|France|Europe,ERR6044208,2002,France,Europe,ptxP3/fim3-2,Lefrancq & Bouchez et al. 2022
ERR6044209|2002|France|Europe,ERR6044209,2002,France,Europe,ptxP3/fim3-2,Lefrancq & Bouchez et al. 2022
ERR6044210|2002|France|Europe,ERR6044210,2002,France,Europe,ptxP3/fim3-2,Lefrancq & Bouchez et al. 2022
ERR6044211|2002|France|Europe,ERR6044211,2002,France,Europe,ptxP3/fim3-2,Lefrancq & Bouchez et al. 2022
ERR6044212|2002|France|Europe,ERR6044212,2002,France,Europe,ptxP3/fim3-2,Lefrancq & Bouchez et al. 2022
ERR6044213|2003|France|Europe,ERR6044213,2003,France,Europe,ptxP3/fim3-1,Lefrancq & Bouchez et al. 2022
ERR6044214|2003|France|Europe,ERR6044214,2003,France,Europe,ptxP3/fim3-1,Lefrancq & Bouchez et al. 2022
ERR6044215|2003|France|Europe,ERR6044215,2003,France,Europe,ptxP3/fim3-1,Lefrancq & Bouchez et al. 2022
ERR6044216|2003|France|Europe,ERR6044216,2003,France,Europe,ptxP3/fim3-2,Lefrancq & Bouchez et al. 2022
ERR6044217|2003|France|Europe,ERR6044217,2003,France,Europe,ptxP3/fim3-2,Lefrancq & Bouchez et al. 2022
ERR6044218|2003|France|Europe,ERR6044218,2003,France,Europe,ptxP3/fim3-2,Lefrancq & Bouchez et al. 2022
ERR6044219|2003|France|Europe,ERR6044219,2003,France,Europe,ptxP3/fim3-1,Lefrancq & Bouchez et al. 2022
ERR6044220|2003|France|Europe,ERR6044220,2003,France,Europe,ptxP3/fim3-2,Lefrancq & Bouchez et al. 2022
ERR6044221|2003|France|Europe,ERR6044221,2003,France,Europe,ptxP3/fim3-2,Lefrancq & Bouchez et al. 2022
ERR6044222|2003|France|Europe,ERR6044222,2003,France,Europe,ptxP3/fim3-2,Lefrancq & Bouchez et al. 2022
ERR6044223|2003|France|Europe,ERR6044223,2003,France,Europe,ptxP3/fim3-2,Lefrancq & Bouchez et al. 2022
ERR6044224|2003|France|Europe,ERR6044224,2003,France,Europe,ptxP3/fim3-2,Lefrancq & Bouchez et al. 2022
ERR6044225|2003|France|Europe,ERR6044225,2003,France,Europe,ptxP3/fim3-2,Lefrancq & Bouchez et al. 2022
ERR6044226|2003|France|Europe,ERR6044226,2003,France,Europe,ptxP3/fim3-2,Lefrancq & Bouchez et al. 2022
ERR6044227|2003|France|Europe,ERR6044227,2003,France,Europe,ptxP3/fim3-1,Lefrancq & Bouchez et al. 2022
ERR6044228|2003|France|Europe,ERR6044228,2003,France,Europe,ptxP3/fim3-2,Lefrancq & Bouchez et al. 2022
ERR6044229|2003|France|Europe,ERR6044229,2003,France,Europe,ptxP3/fim3-2,Lefrancq & Bouchez et al. 2022
ERR6044230|2003|France|Europe,ERR6044230,2003,France,Europe,ptxP3/fim3-2,Lefrancq & Bouchez et al. 2022
ERR6044231|2003|France|Europe,ERR6044231,2003,France,Europe,ptxP3/fim3-2,Lefrancq & Bouchez et al. 2022
ERR6044232|2003|France|Europe,ERR6044232,2003,France,Europe,ptxP3/fim3-2,Lefrancq & Bouchez et al. 2022
ERR6044233|2003|France|Europe,ERR6044233,2003,France,Europe,ptxP3/fim3-2,Lefrancq & Bouchez et al. 2022
ERR6044234|2003|France|Europe,ERR6044234,2003,France,Europe,ptxP3/fim3-2,Lefrancq & Bouchez et al. 2022
ERR6044235|2004|France|Europe,ERR6044235,2004,France,Europe,ptxP3/fim3-2,Lefrancq & Bouchez et al. 2022
ERR6044236|2004|France|Europe,ERR6044236,2004,France,Europe,ptxP3/fim3-2,Lefrancq & Bouchez et al. 2022
ERR6044237|2004|France|Europe,ERR6044237,2004,France,Europe,ptxP3/fim3-2,Lefrancq & Bouchez et al. 2022
ERR6044238|2004|France|Europe,ERR6044238,2004,France,Europe,ptxP3/fim3-2,Lefrancq & Bouchez et al. 2022
ERR6044239|2004|France|Europe,ERR6044239,2004,France,Europe,ptxP3/fim3-2,Lefrancq & Bouchez et al. 2022
ERR6044240|2004|France|Europe,ERR6044240,2004,France,Europe,ptxP3/fim3-2,Lefrancq & Bouchez et al. 2022
ERR6044241|2004|France|Europe,ERR6044241,2004,France,Europe,ptxP3/fim3-2,Lefrancq & Bouchez et al. 2022
ERR6044242|2004|France|Europe,ERR6044242,2004,France,Europe,ptxP3/fim3-2,Lefrancq & Bouchez et al. 2022
ERR6044243|2004|France|Europe,ERR6044243,2004,France,Europe,ptxP3/fim3-2,Lefrancq & Bouchez et al. 2022
ERR6044244|2004|France|Europe,ERR6044244,2004,France,Europe,ptxP3/fim3-2,Lefrancq & Bouchez et al. 2022
ERR6044245|2004|France|Europe,ERR6044245,2004,France,Europe,ptxP3/fim3-2,Lefrancq & Bouchez et al. 2022
ERR6044246|2004|France|Europe,ERR6044246,2004,France,Europe,ptxP3/fim3-1,Lefrancq & Bouchez et al. 2022
ERR6044247|2004|France|Europe,ERR6044247,2004,France,Europe,ptxP3/fim3-1,Lefrancq & Bouchez et al. 2022
ERR6044248|2004|France|Europe,ERR6044248,2004,France,Europe,ptxP3/fim3-2,Lefrancq & Bouchez et al. 2022
ERR6044249|2004|France|Europe,ERR6044249,2004,France,Europe,ptxP3/fim3-2,Lefrancq & Bouchez et al. 2022
ERR6044250|2004|France|Europe,ERR6044250,2004,France,Europe,ptxP3/fim3-2,Lefrancq & Bouchez et al. 2022
ERR6044251|2004|France|Europe,ERR6044251,2004,France,Europe,ptxP3/fim3-2,Lefrancq & Bouchez et al. 2022
ERR6044252|2004|France|Europe,ERR6044252,2004,France,Europe,ptxP3/fim3-2,Lefrancq & Bouchez et al. 2022
ERR6044253|2004|France|Europe,ERR6044253,2004,France,Europe,ptxP3/fim3-1,Lefrancq & Bouchez et al. 2022
ERR6044254|2004|France|Europe,ERR6044254,2004,France,Europe,ptxP3/fim3-1,Lefrancq & Bouchez et al. 2022
ERR6044255|2005|France|Europe,ERR6044255,2005,France,Europe,ptxP3/fim3-2,Lefrancq & Bouchez et al. 2022
ERR6044256|2005|France|Europe,ERR6044256,2005,France,Europe,ptxP3/fim3-2,Lefrancq & Bouchez et al. 2022
ERR6044257|2005|France|Europe,ERR6044257,2005,France,Europe,ptxP3/fim3-2,Lefrancq & Bouchez et al. 2022
ERR6044258|2005|France|Europe,ERR6044258,2005,France,Europe,ptxP3/fim3-2,Lefrancq & Bouchez et al. 2022
ERR6044259|2005|France|Europe,ERR6044259,2005,France,Europe,ptxP3/fim3-1,Lefrancq & Bouchez et al. 2022
ERR6044260|2005|France|Europe,ERR6044260,2005,France,Europe,ptxP3/fim3-2,Lefrancq & Bouchez et al. 2022
ERR6044261|2005|France|Europe,ERR6044261,2005,France,Europe,ptxP3/fim3-2,Lefrancq & Bouchez et al. 2022
ERR6044262|2005|France|Europe,ERR6044262,2005,France,Europe,ptxP3/fim3-2,Lefrancq & Bouchez et al. 2022
ERR6044263|2005|France|Europe,ERR6044263,2005,France,Europe,ptxP3/fim3-2,Lefrancq & Bouchez et al. 2022
ERR6044264|2005|France|Europe,ERR6044264,2005,France,Europe,ptxP3/fim3-2,Lefrancq & Bouchez et al. 2022
ERR6044265|2005|France|Europe,ERR6044265,2005,France,Europe,ptxP3/fim3-2,Lefrancq & Bouchez et al. 2022
ERR6044266|2006|France|Europe,ERR6044266,2006,France,Europe,ptxP3/fim3-2,Lefrancq & Bouchez et al. 2022
ERR6044267|2006|France|Europe,ERR6044267,2006,France,Europe,ptxP3/fim3-2,Lefrancq & Bouchez et al. 2022
ERR6044268|2006|France|Europe,ERR6044268,2006,France,Europe,ptxP3/fim3-2,Lefrancq & Bouchez et al. 2022
ERR6044269|2006|France|Europe,ERR6044269,2006,France,Europe,ptxP1/fim3-1,Lefrancq & Bouchez et al. 2022
ERR6044270|2006|France|Europe,ERR6044270,2006,France,Europe,ptxP3/fim3-2,Lefrancq & Bouchez et al. 2022
ERR6044271|2006|France|Europe,ERR6044271,2006,France,Europe,ptxP3/fim3-2,Lefrancq & Bouchez et al. 2022
ERR6044272|2006|France|Europe,ERR6044272,2006,France,Europe,ptxP3/fim3-2,Lefrancq & Bouchez et al. 2022
ERR6044273|2006|France|Europe,ERR6044273,2006,France,Europe,ptxP3/fim3-1,Lefrancq & Bouchez et al. 2022
ERR6044274|2006|France|Europe,ERR6044274,2006,France,Europe,ptxP3/fim3-2,Lefrancq & Bouchez et al. 2022
ERR6044275|2006|France|Europe,ERR6044275,2006,France,Europe,ptxP3/fim3-1,Lefrancq & Bouchez et al. 2022
ERR6044276|2006|France|Europe,ERR6044276,2006,France,Europe,ptxP3/fim3-2,Lefrancq & Bouchez et al. 2022
ERR6044277|2006|France|Europe,ERR6044277,2006,France,Europe,ptxP3/fim3-2,Lefrancq & Bouchez et al. 2022
ERR6044278|2007|France|Europe,ERR6044278,2007,France,Europe,ptxP3/fim3-1,Lefrancq & Bouchez et al. 2022
ERR6044279|2007|France|Europe,ERR6044279,2007,France,Europe,ptxP3/fim3-1,Lefrancq & Bouchez et al. 2022
ERR6044280|2007|France|Europe,ERR6044280,2007,France,Europe,ptxP3/fim3-1,Lefrancq & Bouchez et al. 2022
ERR6044281|2007|France|Europe,ERR6044281,2007,France,Europe,ptxP3/fim3-1,Lefrancq & Bouchez et al. 2022
ERR6044282|2007|France|Europe,ERR6044282,2007,France,Europe,ptxP3/fim3-2,Lefrancq & Bouchez et al. 2022
ERR6044283|2007|France|Europe,ERR6044283,2007,France,Europe,ptxP3/fim3-1,Lefrancq & Bouchez et al. 2022
ERR6044284|2007|France|Europe,ERR6044284,2007,France,Europe,ptxP3/fim3-1,Lefrancq & Bouchez et al. 2022
ERR6044285|2007|France|Europe,ERR6044285,2007,France,Europe,ptxP3/fim3-2,Lefrancq & Bouchez et al. 2022
ERR6044286|2007|France|Europe,ERR6044286,2007,France,Europe,ptxP3/fim3-2,Lefrancq & Bouchez et al. 2022
ERR6044287|2007|France|Europe,ERR6044287,2007,France,Europe,ptxP3/fim3-2,Lefrancq & Bouchez et al. 2022
ERR6044288|2007|France|Europe,ERR6044288,2007,France,Europe,ptxP3/fim3-1,Lefrancq & Bouchez et al. 2022
ERR6044289|2008|France|Europe,ERR6044289,2008,France,Europe,ptxP3/fim3-2,This_study
ERR6044290|2008|France|Europe,ERR6044290,2008,France,Europe,ptxP3/fim3-2,This_study
ERR6044291|2008|France|Europe,ERR6044291,2008,France,Europe,ptxP3/fim3-1,Lefrancq & Bouchez et al. 2022
ERR6044292|2008|France|Europe,ERR6044292,2008,France,Europe,ptxP3/fim3-2,Lefrancq & Bouchez et al. 2022
ERR6044293|2009|France|Europe,ERR6044293,2009,France,Europe,ptxP3/fim3-2,Lefrancq & Bouchez et al. 2022
ERR6044294|2009|France|Europe,ERR6044294,2009,France,Europe,ptxP3/fim3-2,Lefrancq & Bouchez et al. 2022
ERR6044295|2009|France|Europe,ERR6044295,2009,France,Europe,ptxP3/fim3-1,Lefrancq & Bouchez et al. 2022
ERR6044296|2009|France|Europe,ERR6044296,2009,France,Europe,ptxP3/fim3-1,Lefrancq & Bouchez et al. 2022
ERR6044297|2009|France|Europe,ERR6044297,2009,France,Europe,ptxP3/fim3-1,Lefrancq & Bouchez et al. 2022
ERR6044298|2009|France|Europe,ERR6044298,2009,France,Europe,Others,Lefrancq & Bouchez et al. 2022
ERR6044299|2009|France|Europe,ERR6044299,2009,France,Europe,ptxP3/fim3-1,Lefrancq & Bouchez et al. 2022
ERR6044300|2009|France|Europe,ERR6044300,2009,France,Europe,ptxP3/fim3-2,Lefrancq & Bouchez et al. 2022
ERR6044301|2009|France|Europe,ERR6044301,2009,France,Europe,ptxP3/fim3-2,Lefrancq & Bouchez et al. 2022
ERR6044302|2009|France|Europe,ERR6044302,2009,France,Europe,Others,Lefrancq & Bouchez et al. 2022
ERR6044303|2009|France|Europe,ERR6044303,2009,France,Europe,Others,Lefrancq & Bouchez et al. 2022
ERR6044304|2009|France|Europe,ERR6044304,2009,France,Europe,ptxP3/fim3-1,Lefrancq & Bouchez et al. 2022
ERR6044305|2009|France|Europe,ERR6044305,2009,France,Europe,ptxP3/fim3-1,Lefrancq & Bouchez et al. 2022
ERR6044306|2009|France|Europe,ERR6044306,2009,France,Europe,Others,Lefrancq & Bouchez et al. 2022
ERR6044307|2009|France|Europe,ERR6044307,2009,France,Europe,ptxP3/fim3-2,Lefrancq & Bouchez et al. 2022
ERR6044308|2009|France|Europe,ERR6044308,2009,France,Europe,ptxP3/fim3-1,Lefrancq & Bouchez et al. 2022
ERR6044309|2009|France|Europe,ERR6044309,2009,France,Europe,ptxP3/fim3-1,Lefrancq & Bouchez et al. 2022
ERR6044310|2009|France|Europe,ERR6044310,2009,France,Europe,ptxP3/fim3-1,Lefrancq & Bouchez et al. 2022
ERR6044311|2009|France|Europe,ERR6044311,2009,France,Europe,ptxP3/fim3-1,Lefrancq & Bouchez et al. 2022
ERR6044312|2009|France|Europe,ERR6044312,2009,France,Europe,ptxP3/fim3-1,Lefrancq & Bouchez et al. 2022
ERR6044313|2010|France|Europe,ERR6044313,2010,France,Europe,ptxP3/fim3-2,Lefrancq & Bouchez et al. 2022
ERR6044314|2010|France|Europe,ERR6044314,2010,France,Europe,ptxP3/fim3-2,Lefrancq & Bouchez et al. 2022
ERR6044315|2010|France|Europe,ERR6044315,2010,France,Europe,ptxP3/fim3-2,Lefrancq & Bouchez et al. 2022
ERR6044316|2010|France|Europe,ERR6044316,2010,France,Europe,ptxP3/fim3-1,Lefrancq & Bouchez et al. 2022
ERR6044317|2010|France|Europe,ERR6044317,2010,France,Europe,ptxP3/fim3-1,Lefrancq & Bouchez et al. 2022
ERR6044318|2010|France|Europe,ERR6044318,2010,France,Europe,ptxP3/fim3-2,Lefrancq & Bouchez et al. 2022
ERR6044319|2010|France|Europe,ERR6044319,2010,France,Europe,ptxP3/fim3-1,Lefrancq & Bouchez et al. 2022
ERR6044320|2010|France|Europe,ERR6044320,2010,France,Europe,ptxP3/fim3-1,Lefrancq & Bouchez et al. 2022
ERR6044321|2010|France|Europe,ERR6044321,2010,France,Europe,ptxP3/fim3-1,Lefrancq & Bouchez et al. 2022
ERR6044322|2010|France|Europe,ERR6044322,2010,France,Europe,ptxP3/fim3-2,Lefrancq & Bouchez et al. 2022
ERR6044323|2010|France|Europe,ERR6044323,2010,France,Europe,ptxP3/fim3-2,Lefrancq & Bouchez et al. 2022
ERR6044325|2010|France|Europe,ERR6044325,2010,France,Europe,ptxP3/fim3-1,Lefrancq & Bouchez et al. 2022
ERR6044326|2010|France|Europe,ERR6044326,2010,France,Europe,ptxP3/fim3-1,Lefrancq & Bouchez et al. 2022
ERR6044327|2010|France|Europe,ERR6044327,2010,France,Europe,ptxP3/fim3-2,Lefrancq & Bouchez et al. 2022
ERR6044328|2010|France|Europe,ERR6044328,2010,France,Europe,ptxP3/fim3-2,Lefrancq & Bouchez et al. 2022
ERR6044329|2010|France|Europe,ERR6044329,2010,France,Europe,ptxP3/fim3-1,Lefrancq & Bouchez et al. 2022
ERR6044330|2010|France|Europe,ERR6044330,2010,France,Europe,ptxP3/fim3-1,Lefrancq & Bouchez et al. 2022
ERR6044331|2010|France|Europe,ERR6044331,2010,France,Europe,ptxP3/fim3-1,Lefrancq & Bouchez et al. 2022
ERR6044332|2010|France|Europe,ERR6044332,2010,France,Europe,ptxP3/fim3-2,Lefrancq & Bouchez et al. 2022
ERR6044333|2010|France|Europe,ERR6044333,2010,France,Europe,ptxP3/fim3-1,Lefrancq & Bouchez et al. 2022
ERR6044334|2010|France|Europe,ERR6044334,2010,France,Europe,ptxP3/fim3-1,Lefrancq & Bouchez et al. 2022
ERR6044335|2010|France|Europe,ERR6044335,2010,France,Europe,ptxP3/fim3-1,Lefrancq & Bouchez et al. 2022
ERR6044336|2010|France|Europe,ERR6044336,2010,France,Europe,ptxP3/fim3-1,Lefrancq & Bouchez et al. 2022
ERR6044337|2010|France|Europe,ERR6044337,2010,France,Europe,ptxP3/fim3-2,Lefrancq & Bouchez et al. 2022
ERR6044338|2010|France|Europe,ERR6044338,2010,France,Europe,ptxP3/fim3-2,Lefrancq & Bouchez et al. 2022
ERR6044339|2010|France|Europe,ERR6044339,2010,France,Europe,ptxP3/fim3-1,Lefrancq & Bouchez et al. 2022
ERR6044340|2010|France|Europe,ERR6044340,2010,France,Europe,ptxP3/fim3-2,Lefrancq & Bouchez et al. 2022
ERR6044341|2010|France|Europe,ERR6044341,2010,France,Europe,ptxP3/fim3-1,Lefrancq & Bouchez et al. 2022
ERR6044342|2010|France|Europe,ERR6044342,2010,France,Europe,ptxP3/fim3-1,Lefrancq & Bouchez et al. 2022
ERR6044343|2010|France|Europe,ERR6044343,2010,France,Europe,ptxP3/fim3-2,Lefrancq & Bouchez et al. 2022
ERR6044344|2010|France|Europe,ERR6044344,2010,France,Europe,ptxP3/fim3-1,Lefrancq & Bouchez et al. 2022
ERR6044345|2010|France|Europe,ERR6044345,2010,France,Europe,ptxP3/fim3-1,Lefrancq & Bouchez et al. 2022
ERR6044346|2010|France|Europe,ERR6044346,2010,France,Europe,ptxP3/fim3-1,Lefrancq & Bouchez et al. 2022
ERR6044347|2010|France|Europe,ERR6044347,2010,France,Europe,ptxP3/fim3-2,Lefrancq & Bouchez et al. 2022
ERR6044348|2010|France|Europe,ERR6044348,2010,France,Europe,ptxP3/fim3-2,Lefrancq & Bouchez et al. 2022
ERR6044349|2010|France|Europe,ERR6044349,2010,France,Europe,ptxP3/fim3-1,Lefrancq & Bouchez et al. 2022
ERR6044350|2010|France|Europe,ERR6044350,2010,France,Europe,ptxP3/fim3-1,Lefrancq & Bouchez et al. 2022
ERR6044351|2010|France|Europe,ERR6044351,2010,France,Europe,ptxP3/fim3-1,Lefrancq & Bouchez et al. 2022
ERR6044352|2010|France|Europe,ERR6044352,2010,France,Europe,ptxP3/fim3-1,Lefrancq & Bouchez et al. 2022
ERR6044353|2010|France|Europe,ERR6044353,2010,France,Europe,ptxP3/fim3-2,Lefrancq & Bouchez et al. 2022
ERR6044354|2010|France|Europe,ERR6044354,2010,France,Europe,ptxP3/fim3-1,Lefrancq & Bouchez et al. 2022
ERR6044355|2010|France|Europe,ERR6044355,2010,France,Europe,ptxP3/fim3-2,Lefrancq & Bouchez et al. 2022
ERR6044356|2011|France|Europe,ERR6044356,2011,France,Europe,ptxP3/fim3-1,Lefrancq & Bouchez et al. 2022
ERR6044357|2011|France|Europe,ERR6044357,2011,France,Europe,ptxP3/fim3-2,Lefrancq & Bouchez et al. 2022
ERR6044358|2011|France|Europe,ERR6044358,2011,France,Europe,Others,Lefrancq & Bouchez et al. 2022
ERR6044359|2011|France|Europe,ERR6044359,2011,France,Europe,ptxP3/fim3-1,Lefrancq & Bouchez et al. 2022
ERR6044360|2011|France|Europe,ERR6044360,2011,France,Europe,ptxP3/fim3-2,Lefrancq & Bouchez et al. 2022
ERR6044361|2011|France|Europe,ERR6044361,2011,France,Europe,ptxP3/fim3-1,Lefrancq & Bouchez et al. 2022
ERR6044362|2011|France|Europe,ERR6044362,2011,France,Europe,ptxP3/fim3-1,Lefrancq & Bouchez et al. 2022
ERR6044363|2011|France|Europe,ERR6044363,2011,France,Europe,ptxP3/fim3-1,Lefrancq & Bouchez et al. 2022
ERR6044364|2011|France|Europe,ERR6044364,2011,France,Europe,ptxP3/fim3-1,Lefrancq & Bouchez et al. 2022
ERR6044365|2011|France|Europe,ERR6044365,2011,France,Europe,ptxP3/fim3-1,Lefrancq & Bouchez et al. 2022
ERR6044366|2011|France|Europe,ERR6044366,2011,France,Europe,ptxP3/fim3-2,Lefrancq & Bouchez et al. 2022
ERR6044367|2011|France|Europe,ERR6044367,2011,France,Europe,ptxP3/fim3-1,Lefrancq & Bouchez et al. 2022
ERR6044368|2011|France|Europe,ERR6044368,2011,France,Europe,ptxP3/fim3-1,Lefrancq & Bouchez et al. 2022
ERR6044369|2011|France|Europe,ERR6044369,2011,France,Europe,ptxP3/fim3-1,Lefrancq & Bouchez et al. 2022
ERR6044370|2011|France|Europe,ERR6044370,2011,France,Europe,ptxP3/fim3-2,Lefrancq & Bouchez et al. 2022
ERR6044371|2011|France|Europe,ERR6044371,2011,France,Europe,ptxP3/fim3-2,Lefrancq & Bouchez et al. 2022
ERR6044372|2011|France|Europe,ERR6044372,2011,France,Europe,ptxP3/fim3-1,Lefrancq & Bouchez et al. 2022
ERR6044373|2011|France|Europe,ERR6044373,2011,France,Europe,ptxP3/fim3-2,Lefrancq & Bouchez et al. 2022
ERR6044374|2011|France|Europe,ERR6044374,2011,France,Europe,ptxP3/fim3-2,Lefrancq & Bouchez et al. 2022
ERR6044375|2011|France|Europe,ERR6044375,2011,France,Europe,ptxP3/fim3-1,Lefrancq & Bouchez et al. 2022
ERR6044376|2011|France|Europe,ERR6044376,2011,France,Europe,ptxP3/fim3-2,Lefrancq & Bouchez et al. 2022
ERR6044377|2011|France|Europe,ERR6044377,2011,France,Europe,ptxP3/fim3-2,Lefrancq & Bouchez et al. 2022
ERR6044378|2011|France|Europe,ERR6044378,2011,France,Europe,ptxP3/fim3-1,Lefrancq & Bouchez et al. 2022
ERR6044379|2011|France|Europe,ERR6044379,2011,France,Europe,ptxP3/fim3-2,Lefrancq & Bouchez et al. 2022
ERR6044380|2011|France|Europe,ERR6044380,2011,France,Europe,ptxP3/fim3-2,Lefrancq & Bouchez et al. 2022
ERR6044381|2011|France|Europe,ERR6044381,2011,France,Europe,ptxP3/fim3-1,Lefrancq & Bouchez et al. 2022
ERR6044382|2011|France|Europe,ERR6044382,2011,France,Europe,ptxP3/fim3-2,Lefrancq & Bouchez et al. 2022
ERR6044383|2011|France|Europe,ERR6044383,2011,France,Europe,ptxP3/fim3-1,Lefrancq & Bouchez et al. 2022
ERR6044384|2011|France|Europe,ERR6044384,2011,France,Europe,ptxP3/fim3-1,Lefrancq & Bouchez et al. 2022
ERR6044385|2011|France|Europe,ERR6044385,2011,France,Europe,ptxP3/fim3-2,Lefrancq & Bouchez et al. 2022
ERR6044386|2011|France|Europe,ERR6044386,2011,France,Europe,ptxP3/fim3-1,Lefrancq & Bouchez et al. 2022
ERR6044387|2011|France|Europe,ERR6044387,2011,France,Europe,ptxP3/fim3-1,Lefrancq & Bouchez et al. 2022
ERR6044388|2011|France|Europe,ERR6044388,2011,France,Europe,ptxP3/fim3-1,Lefrancq & Bouchez et al. 2022
ERR6044389|2011|France|Europe,ERR6044389,2011,France,Europe,ptxP3/fim3-2,Lefrancq & Bouchez et al. 2022
ERR6044390|2011|France|Europe,ERR6044390,2011,France,Europe,ptxP1/fim3-1,Lefrancq & Bouchez et al. 2022
ERR6044391|2011|France|Europe,ERR6044391,2011,France,Europe,ptxP3/fim3-2,Lefrancq & Bouchez et al. 2022
ERR6044392|2011|France|Europe,ERR6044392,2011,France,Europe,ptxP3/fim3-1,Lefrancq & Bouchez et al. 2022
ERR6044393|2011|France|Europe,ERR6044393,2011,France,Europe,ptxP3/fim3-1,Lefrancq & Bouchez et al. 2022
ERR6044394|2011|France|Europe,ERR6044394,2011,France,Europe,ptxP3/fim3-1,Lefrancq & Bouchez et al. 2022
ERR6044395|2011|France|Europe,ERR6044395,2011,France,Europe,ptxP3/fim3-2,Lefrancq & Bouchez et al. 2022
ERR6044396|2011|France|Europe,ERR6044396,2011,France,Europe,ptxP3/fim3-1,Lefrancq & Bouchez et al. 2022
ERR6044397|2011|France|Europe,ERR6044397,2011,France,Europe,ptxP3/fim3-1,Lefrancq & Bouchez et al. 2022
ERR6044398|2011|France|Europe,ERR6044398,2011,France,Europe,ptxP3/fim3-2,Lefrancq & Bouchez et al. 2022
ERR6044399|2011|France|Europe,ERR6044399,2011,France,Europe,ptxP3/fim3-1,Lefrancq & Bouchez et al. 2022
ERR6044400|2011|France|Europe,ERR6044400,2011,France,Europe,ptxP3/fim3-1,Lefrancq & Bouchez et al. 2022
ERR6044401|2011|France|Europe,ERR6044401,2011,France,Europe,ptxP3/fim3-1,Lefrancq & Bouchez et al. 2022
ERR6044402|2011|France|Europe,ERR6044402,2011,France,Europe,ptxP3/fim3-2,Lefrancq & Bouchez et al. 2022
ERR6044403|2011|France|Europe,ERR6044403,2011,France,Europe,ptxP3/fim3-2,Lefrancq & Bouchez et al. 2022
ERR6044404|2011|France|Europe,ERR6044404,2011,France,Europe,ptxP3/fim3-2,Lefrancq & Bouchez et al. 2022
ERR6044405|2011|France|Europe,ERR6044405,2011,France,Europe,ptxP3/fim3-1,Lefrancq & Bouchez et al. 2022
ERR6044406|2011|France|Europe,ERR6044406,2011,France,Europe,ptxP3/fim3-2,Lefrancq & Bouchez et al. 2022
ERR6044407|2011|France|Europe,ERR6044407,2011,France,Europe,ptxP3/fim3-1,Lefrancq & Bouchez et al. 2022
ERR6044408|2011|France|Europe,ERR6044408,2011,France,Europe,ptxP3/fim3-1,Lefrancq & Bouchez et al. 2022
ERR6044409|2011|France|Europe,ERR6044409,2011,France,Europe,ptxP3/fim3-2,Lefrancq & Bouchez et al. 2022
ERR6044410|2011|France|Europe,ERR6044410,2011,France,Europe,ptxP3/fim3-1,Lefrancq & Bouchez et al. 2022
ERR6044411|2011|France|Europe,ERR6044411,2011,France,Europe,ptxP3/fim3-1,Lefrancq & Bouchez et al. 2022
ERR6044412|2011|France|Europe,ERR6044412,2011,France,Europe,ptxP3/fim3-1,Lefrancq & Bouchez et al. 2022
ERR6044413|2011|France|Europe,ERR6044413,2011,France,Europe,ptxP3/fim3-2,Lefrancq & Bouchez et al. 2022
ERR6044414|2011|France|Europe,ERR6044414,2011,France,Europe,ptxP3/fim3-2,Lefrancq & Bouchez et al. 2022
ERR6044415|2011|France|Europe,ERR6044415,2011,France,Europe,ptxP3/fim3-1,Lefrancq & Bouchez et al. 2022
ERR6044416|2011|France|Europe,ERR6044416,2011,France,Europe,ptxP3/fim3-2,Lefrancq & Bouchez et al. 2022
ERR6044417|2011|France|Europe,ERR6044417,2011,France,Europe,ptxP3/fim3-2,Lefrancq & Bouchez et al. 2022
ERR6044418|2011|France|Europe,ERR6044418,2011,France,Europe,ptxP3/fim3-2,Lefrancq & Bouchez et al. 2022
ERR6044419|2011|France|Europe,ERR6044419,2011,France,Europe,ptxP3/fim3-1,Lefrancq & Bouchez et al. 2022
ERR6044420|2011|France|Europe,ERR6044420,2011,France,Europe,ptxP3/fim3-2,Lefrancq & Bouchez et al. 2022
ERR6044421|2011|France|Europe,ERR6044421,2011,France,Europe,ptxP3/fim3-2,Lefrancq & Bouchez et al. 2022
ERR6044422|2011|France|Europe,ERR6044422,2011,France,Europe,ptxP3/fim3-1,Lefrancq & Bouchez et al. 2022
ERR6044423|2011|France|Europe,ERR6044423,2011,France,Europe,ptxP3/fim3-1,Lefrancq & Bouchez et al. 2022
ERR6044504|2011|France|Europe,ERR6044504,2011,France,Europe,ptxP3/fim3-2,Lefrancq & Bouchez et al. 2022
ERR6044505|2011|France|Europe,ERR6044505,2011,France,Europe,ptxP3/fim3-2,Lefrancq & Bouchez et al. 2022
ERR6044506|2011|France|Europe,ERR6044506,2011,France,Europe,ptxP3/fim3-2,Lefrancq & Bouchez et al. 2022
ERR6044507|2011|France|Europe,ERR6044507,2011,France,Europe,Others,Lefrancq & Bouchez et al. 2022
ERR6044508|2011|France|Europe,ERR6044508,2011,France,Europe,Others,Lefrancq & Bouchez et al. 2022
ERR6044509|2011|France|Europe,ERR6044509,2011,France,Europe,ptxP3/fim3-1,Lefrancq & Bouchez et al. 2022
ERR6044510|2011|France|Europe,ERR6044510,2011,France,Europe,ptxP3/fim3-2,Lefrancq & Bouchez et al. 2022
ERR6044511|2011|France|Europe,ERR6044511,2011,France,Europe,ptxP3/fim3-2,Lefrancq & Bouchez et al. 2022
ERR6044512|2011|France|Europe,ERR6044512,2011,France,Europe,ptxP3/fim3-2,Lefrancq & Bouchez et al. 2022
ERR6044513|2011|France|Europe,ERR6044513,2011,France,Europe,ptxP3/fim3-1,Lefrancq & Bouchez et al. 2022
ERR6044514|2011|France|Europe,ERR6044514,2011,France,Europe,ptxP3/fim3-1,Lefrancq & Bouchez et al. 2022
ERR6044515|2011|France|Europe,ERR6044515,2011,France,Europe,ptxP3/fim3-1,Lefrancq & Bouchez et al. 2022
ERR6044516|2011|France|Europe,ERR6044516,2011,France,Europe,ptxP3/fim3-2,Lefrancq & Bouchez et al. 2022
ERR6044517|2011|France|Europe,ERR6044517,2011,France,Europe,ptxP3/fim3-1,Lefrancq & Bouchez et al. 2022
ERR6044518|2011|France|Europe,ERR6044518,2011,France,Europe,ptxP3/fim3-2,Lefrancq & Bouchez et al. 2022
ERR6044519|2011|France|Europe,ERR6044519,2011,France,Europe,ptxP3/fim3-1,Lefrancq & Bouchez et al. 2022
ERR6044520|2011|France|Europe,ERR6044520,2011,France,Europe,ptxP3/fim3-2,Lefrancq & Bouchez et al. 2022
ERR6044521|2011|France|Europe,ERR6044521,2011,France,Europe,ptxP3/fim3-1,Lefrancq & Bouchez et al. 2022
ERR6044522|2011|France|Europe,ERR6044522,2011,France,Europe,ptxP3/fim3-2,Lefrancq & Bouchez et al. 2022
ERR6044523|2012|France|Europe,ERR6044523,2012,France,Europe,ptxP3/fim3-1,Lefrancq & Bouchez et al. 2022
ERR6044524|2012|France|Europe,ERR6044524,2012,France,Europe,ptxP3/fim3-2,Lefrancq & Bouchez et al. 2022
ERR6044525|2012|France|Europe,ERR6044525,2012,France,Europe,ptxP3/fim3-1,Lefrancq & Bouchez et al. 2022
ERR6044526|2012|France|Europe,ERR6044526,2012,France,Europe,ptxP3/fim3-1,Lefrancq & Bouchez et al. 2022
ERR6044527|2012|France|Europe,ERR6044527,2012,France,Europe,ptxP3/fim3-1,Lefrancq & Bouchez et al. 2022
ERR6044528|2012|France|Europe,ERR6044528,2012,France,Europe,ptxP3/fim3-1,Lefrancq & Bouchez et al. 2022
ERR6044529|2012|France|Europe,ERR6044529,2012,France,Europe,ptxP3/fim3-2,Lefrancq & Bouchez et al. 2022
ERR6044530|2012|France|Europe,ERR6044530,2012,France,Europe,ptxP3/fim3-2,Lefrancq & Bouchez et al. 2022
ERR6044531|2012|France|Europe,ERR6044531,2012,France,Europe,ptxP3/fim3-1,Lefrancq & Bouchez et al. 2022
ERR6044532|2012|France|Europe,ERR6044532,2012,France,Europe,ptxP3/fim3-1,Lefrancq & Bouchez et al. 2022
ERR6044533|2012|France|Europe,ERR6044533,2012,France,Europe,ptxP3/fim3-1,Lefrancq & Bouchez et al. 2022
ERR6044534|2012|France|Europe,ERR6044534,2012,France,Europe,ptxP3/fim3-1,Lefrancq & Bouchez et al. 2022
ERR6044535|2012|France|Europe,ERR6044535,2012,France,Europe,ptxP3/fim3-2,Lefrancq & Bouchez et al. 2022
ERR6044536|2012|France|Europe,ERR6044536,2012,France,Europe,ptxP3/fim3-1,Lefrancq & Bouchez et al. 2022
ERR6044537|2012|France|Europe,ERR6044537,2012,France,Europe,ptxP3/fim3-2,Lefrancq & Bouchez et al. 2022
ERR6044538|2012|France|Europe,ERR6044538,2012,France,Europe,ptxP3/fim3-2,Lefrancq & Bouchez et al. 2022
ERR6044539|2012|France|Europe,ERR6044539,2012,France,Europe,ptxP3/fim3-1,Lefrancq & Bouchez et al. 2022
ERR6044540|2012|France|Europe,ERR6044540,2012,France,Europe,ptxP3/fim3-1,Lefrancq & Bouchez et al. 2022
ERR6044541|2012|France|Europe,ERR6044541,2012,France,Europe,ptxP3/fim3-2,Lefrancq & Bouchez et al. 2022
ERR6044542|2012|France|Europe,ERR6044542,2012,France,Europe,ptxP3/fim3-1,Lefrancq & Bouchez et al. 2022
ERR6044543|2012|France|Europe,ERR6044543,2012,France,Europe,ptxP3/fim3-2,Lefrancq & Bouchez et al. 2022
ERR6044544|2012|France|Europe,ERR6044544,2012,France,Europe,ptxP3/fim3-1,Lefrancq & Bouchez et al. 2022
ERR6044545|2012|France|Europe,ERR6044545,2012,France,Europe,ptxP3/fim3-2,Lefrancq & Bouchez et al. 2022
ERR6044546|2012|France|Europe,ERR6044546,2012,France,Europe,ptxP3/fim3-2,Lefrancq & Bouchez et al. 2022
ERR6044547|2012|France|Europe,ERR6044547,2012,France,Europe,ptxP3/fim3-1,Lefrancq & Bouchez et al. 2022
ERR6044548|2012|France|Europe,ERR6044548,2012,France,Europe,ptxP3/fim3-2,Lefrancq & Bouchez et al. 2022
ERR6044549|2012|France|Europe,ERR6044549,2012,France,Europe,ptxP3/fim3-2,Lefrancq & Bouchez et al. 2022
ERR6044550|2012|France|Europe,ERR6044550,2012,France,Europe,ptxP3/fim3-2,Lefrancq & Bouchez et al. 2022
ERR6044551|2012|France|Europe,ERR6044551,2012,France,Europe,ptxP3/fim3-1,Lefrancq & Bouchez et al. 2022
ERR6044600|2012|France|Europe,ERR6044600,2012,France,Europe,ptxP3/fim3-2,Lefrancq & Bouchez et al. 2022
ERR6044601|2012|France|Europe,ERR6044601,2012,France,Europe,ptxP3/fim3-1,Lefrancq & Bouchez et al. 2022
ERR6044602|2012|France|Europe,ERR6044602,2012,France,Europe,ptxP3/fim3-1,Lefrancq & Bouchez et al. 2022
ERR6044603|2012|France|Europe,ERR6044603,2012,France,Europe,ptxP3/fim3-2,Lefrancq & Bouchez et al. 2022
ERR6044604|2012|France|Europe,ERR6044604,2012,France,Europe,ptxP3/fim3-1,Lefrancq & Bouchez et al. 2022
ERR6044605|2012|France|Europe,ERR6044605,2012,France,Europe,ptxP3/fim3-1,Lefrancq & Bouchez et al. 2022
ERR6044606|2012|France|Europe,ERR6044606,2012,France,Europe,ptxP3/fim3-2,Lefrancq & Bouchez et al. 2022
ERR6044607|2012|France|Europe,ERR6044607,2012,France,Europe,ptxP3/fim3-2,Lefrancq & Bouchez et al. 2022
ERR6044608|2012|France|Europe,ERR6044608,2012,France,Europe,ptxP3/fim3-1,Lefrancq & Bouchez et al. 2022
ERR6044609|2012|France|Europe,ERR6044609,2012,France,Europe,ptxP3/fim3-2,Lefrancq & Bouchez et al. 2022
ERR6044610|2012|France|Europe,ERR6044610,2012,France,Europe,ptxP3/fim3-1,Lefrancq & Bouchez et al. 2022
ERR6044611|2012|France|Europe,ERR6044611,2012,France,Europe,ptxP3/fim3-1,Lefrancq & Bouchez et al. 2022
ERR6044612|2012|France|Europe,ERR6044612,2012,France,Europe,ptxP3/fim3-2,Lefrancq & Bouchez et al. 2022
ERR6044613|2012|France|Europe,ERR6044613,2012,France,Europe,ptxP3/fim3-1,Lefrancq & Bouchez et al. 2022
ERR6044614|2012|France|Europe,ERR6044614,2012,France,Europe,ptxP3/fim3-1,Lefrancq & Bouchez et al. 2022
ERR6044615|2012|France|Europe,ERR6044615,2012,France,Europe,ptxP3/fim3-2,Lefrancq & Bouchez et al. 2022
ERR6044616|2012|France|Europe,ERR6044616,2012,France,Europe,ptxP3/fim3-2,Lefrancq & Bouchez et al. 2022
ERR6044617|2012|France|Europe,ERR6044617,2012,France,Europe,ptxP3/fim3-2,Lefrancq & Bouchez et al. 2022
ERR6044618|2012|France|Europe,ERR6044618,2012,France,Europe,ptxP3/fim3-1,Lefrancq & Bouchez et al. 2022
ERR6044619|2012|France|Europe,ERR6044619,2012,France,Europe,ptxP3/fim3-1,Lefrancq & Bouchez et al. 2022
ERR6044620|2012|France|Europe,ERR6044620,2012,France,Europe,ptxP3/fim3-1,Lefrancq & Bouchez et al. 2022
ERR6044621|2012|France|Europe,ERR6044621,2012,France,Europe,ptxP3/fim3-1,Lefrancq & Bouchez et al. 2022
ERR6044622|2012|France|Europe,ERR6044622,2012,France,Europe,ptxP3/fim3-1,Lefrancq & Bouchez et al. 2022
ERR6044623|2012|France|Europe,ERR6044623,2012,France,Europe,ptxP3/fim3-2,Lefrancq & Bouchez et al. 2022
ERR6044624|2012|France|Europe,ERR6044624,2012,France,Europe,ptxP3/fim3-1,Lefrancq & Bouchez et al. 2022
ERR6044625|2012|France|Europe,ERR6044625,2012,France,Europe,ptxP3/fim3-2,Lefrancq & Bouchez et al. 2022
ERR6044626|2012|France|Europe,ERR6044626,2012,France,Europe,ptxP3/fim3-1,Lefrancq & Bouchez et al. 2022
ERR6044627|2012|France|Europe,ERR6044627,2012,France,Europe,ptxP3/fim3-2,Lefrancq & Bouchez et al. 2022
ERR6044628|2012|France|Europe,ERR6044628,2012,France,Europe,ptxP3/fim3-1,Lefrancq & Bouchez et al. 2022
ERR6044629|2012|France|Europe,ERR6044629,2012,France,Europe,ptxP3/fim3-2,Lefrancq & Bouchez et al. 2022
ERR6044630|2012|France|Europe,ERR6044630,2012,France,Europe,Others,Lefrancq & Bouchez et al. 2022
ERR6044631|2012|France|Europe,ERR6044631,2012,France,Europe,ptxP3/fim3-1,Lefrancq & Bouchez et al. 2022
ERR6044632|2012|France|Europe,ERR6044632,2012,France,Europe,ptxP3/fim3-2,Lefrancq & Bouchez et al. 2022
ERR6044633|2012|France|Europe,ERR6044633,2012,France,Europe,Others,Lefrancq & Bouchez et al. 2022
ERR6044634|2012|France|Europe,ERR6044634,2012,France,Europe,ptxP3/fim3-2,Lefrancq & Bouchez et al. 2022
ERR6044635|2012|France|Europe,ERR6044635,2012,France,Europe,ptxP3/fim3-2,Lefrancq & Bouchez et al. 2022
ERR6044636|2012|France|Europe,ERR6044636,2012,France,Europe,ptxP3/fim3-2,Lefrancq & Bouchez et al. 2022
ERR6044637|2012|France|Europe,ERR6044637,2012,France,Europe,ptxP3/fim3-2,Lefrancq & Bouchez et al. 2022
ERR6044638|2012|France|Europe,ERR6044638,2012,France,Europe,ptxP3/fim3-2,Lefrancq & Bouchez et al. 2022
ERR6044639|2012|France|Europe,ERR6044639,2012,France,Europe,ptxP3/fim3-2,Lefrancq & Bouchez et al. 2022
ERR6044640|2012|France|Europe,ERR6044640,2012,France,Europe,ptxP3/fim3-2,Lefrancq & Bouchez et al. 2022
ERR6044641|2012|France|Europe,ERR6044641,2012,France,Europe,ptxP3/fim3-1,Lefrancq & Bouchez et al. 2022
ERR6044642|2012|France|Europe,ERR6044642,2012,France,Europe,ptxP3/fim3-1,Lefrancq & Bouchez et al. 2022
ERR6044643|2012|France|Europe,ERR6044643,2012,France,Europe,ptxP3/fim3-1,Lefrancq & Bouchez et al. 2022
ERR6044644|2012|France|Europe,ERR6044644,2012,France,Europe,ptxP3/fim3-1,Lefrancq & Bouchez et al. 2022
ERR6044645|2012|France|Europe,ERR6044645,2012,France,Europe,ptxP3/fim3-2,Lefrancq & Bouchez et al. 2022
ERR6044646|2012|France|Europe,ERR6044646,2012,France,Europe,ptxP3/fim3-2,Hegerle et. al. (2014)
ERR6044647|2012|France|Europe,ERR6044647,2012,France,Europe,ptxP3/fim3-2,Lefrancq & Bouchez et al. 2022
ERR6044648|2012|France|Europe,ERR6044648,2012,France,Europe,ptxP3/fim3-1,Lefrancq & Bouchez et al. 2022
ERR6044649|2012|France|Europe,ERR6044649,2012,France,Europe,ptxP3/fim3-1,Lefrancq & Bouchez et al. 2022
ERR6044650|2012|France|Europe,ERR6044650,2012,France,Europe,ptxP3/fim3-2,Lefrancq & Bouchez et al. 2022
ERR6044651|2012|France|Europe,ERR6044651,2012,France,Europe,ptxP3/fim3-1,Lefrancq & Bouchez et al. 2022
ERR6044652|2013|France|Europe,ERR6044652,2013,France,Europe,ptxP3/fim3-1,Lefrancq & Bouchez et al. 2022
ERR6044653|2013|France|Europe,ERR6044653,2013,France,Europe,ptxP3/fim3-1,Lefrancq & Bouchez et al. 2022
ERR6044654|2013|France|Europe,ERR6044654,2013,France,Europe,ptxP3/fim3-1,Lefrancq & Bouchez et al. 2022
ERR6044655|2013|France|Europe,ERR6044655,2013,France,Europe,ptxP3/fim3-2,Lefrancq & Bouchez et al. 2022
ERR6044656|2013|France|Europe,ERR6044656,2013,France,Europe,ptxP3/fim3-1,Lefrancq & Bouchez et al. 2022
ERR6044657|2013|France|Europe,ERR6044657,2013,France,Europe,ptxP3/fim3-1,Lefrancq & Bouchez et al. 2022
ERR6044658|2013|France|Europe,ERR6044658,2013,France,Europe,ptxP3/fim3-1,Lefrancq & Bouchez et al. 2022
ERR6044659|2013|France|Europe,ERR6044659,2013,France,Europe,ptxP3/fim3-2,Lefrancq & Bouchez et al. 2022
ERR6044660|2013|France|Europe,ERR6044660,2013,France,Europe,ptxP3/fim3-1,Lefrancq & Bouchez et al. 2022
ERR6044661|2013|France|Europe,ERR6044661,2013,France,Europe,ptxP3/fim3-1,Lefrancq & Bouchez et al. 2022
ERR6044662|2013|France|Europe,ERR6044662,2013,France,Europe,ptxP3/fim3-2,Lefrancq & Bouchez et al. 2022
ERR6044663|2013|France|Europe,ERR6044663,2013,France,Europe,ptxP3/fim3-1,Lefrancq & Bouchez et al. 2022
ERR6044664|2013|France|Europe,ERR6044664,2013,France,Europe,ptxP3/fim3-2,Lefrancq & Bouchez et al. 2022
ERR6044665|2013|France|Europe,ERR6044665,2013,France,Europe,ptxP3/fim3-1,Lefrancq & Bouchez et al. 2022
ERR6044666|2013|France|Europe,ERR6044666,2013,France,Europe,ptxP3/fim3-2,Lefrancq & Bouchez et al. 2022
ERR6044667|2013|France|Europe,ERR6044667,2013,France,Europe,ptxP3/fim3-2,Lefrancq & Bouchez et al. 2022
ERR6044668|2013|France|Europe,ERR6044668,2013,France,Europe,ptxP3/fim3-1,Lefrancq & Bouchez et al. 2022
ERR6044669|2013|France|Europe,ERR6044669,2013,France,Europe,ptxP3/fim3-2,Lefrancq & Bouchez et al. 2022
ERR6044670|2013|France|Europe,ERR6044670,2013,France,Europe,ptxP3/fim3-1,Lefrancq & Bouchez et al. 2022
ERR6044671|2013|France|Europe,ERR6044671,2013,France,Europe,ptxP3/fim3-2,Lefrancq & Bouchez et al. 2022
ERR6044672|2013|France|Europe,ERR6044672,2013,France,Europe,ptxP3/fim3-2,Lefrancq & Bouchez et al. 2022
ERR6044673|2013|France|Europe,ERR6044673,2013,France,Europe,ptxP3/fim3-1,Lefrancq & Bouchez et al. 2022
ERR6044674|2013|France|Europe,ERR6044674,2013,France,Europe,ptxP3/fim3-2,Lefrancq & Bouchez et al. 2022
ERR6044675|2013|France|Europe,ERR6044675,2013,France,Europe,ptxP3/fim3-1,Lefrancq & Bouchez et al. 2022
ERR6044676|2013|France|Europe,ERR6044676,2013,France,Europe,ptxP3/fim3-1,Lefrancq & Bouchez et al. 2022
ERR6044677|2013|France|Europe,ERR6044677,2013,France,Europe,ptxP3/fim3-2,Lefrancq & Bouchez et al. 2022
ERR6044678|2013|France|Europe,ERR6044678,2013,France,Europe,ptxP3/fim3-2,Lefrancq & Bouchez et al. 2022
ERR6044679|2013|France|Europe,ERR6044679,2013,France,Europe,ptxP3/fim3-2,Lefrancq & Bouchez et al. 2022
ERR6044680|2013|France|Europe,ERR6044680,2013,France,Europe,ptxP3/fim3-2,Lefrancq & Bouchez et al. 2022
ERR6044681|2013|France|Europe,ERR6044681,2013,France,Europe,ptxP3/fim3-1,Lefrancq & Bouchez et al. 2022
ERR6044682|2013|France|Europe,ERR6044682,2013,France,Europe,ptxP3/fim3-2,Lefrancq & Bouchez et al. 2022
ERR6044683|2013|France|Europe,ERR6044683,2013,France,Europe,ptxP3/fim3-1,Lefrancq & Bouchez et al. 2022
ERR6044684|2013|France|Europe,ERR6044684,2013,France,Europe,ptxP3/fim3-2,Lefrancq & Bouchez et al. 2022
ERR6044685|2013|France|Europe,ERR6044685,2013,France,Europe,ptxP3/fim3-2,Lefrancq & Bouchez et al. 2022
ERR6044686|2013|France|Europe,ERR6044686,2013,France,Europe,ptxP3/fim3-1,Lefrancq & Bouchez et al. 2022
ERR6044687|2013|France|Europe,ERR6044687,2013,France,Europe,ptxP3/fim3-2,Lefrancq & Bouchez et al. 2022
ERR6044688|2013|France|Europe,ERR6044688,2013,France,Europe,ptxP3/fim3-1,Lefrancq & Bouchez et al. 2022
ERR6044689|2013|France|Europe,ERR6044689,2013,France,Europe,ptxP3/fim3-2,Lefrancq & Bouchez et al. 2022
ERR6044690|2013|France|Europe,ERR6044690,2013,France,Europe,ptxP3/fim3-1,Lefrancq & Bouchez et al. 2022
ERR6044691|2013|France|Europe,ERR6044691,2013,France,Europe,ptxP3/fim3-1,Lefrancq & Bouchez et al. 2022
ERR6044692|2013|France|Europe,ERR6044692,2013,France,Europe,ptxP3/fim3-2,Lefrancq & Bouchez et al. 2022
ERR6044693|2013|France|Europe,ERR6044693,2013,France,Europe,ptxP3/fim3-1,Lefrancq & Bouchez et al. 2022
ERR6044694|2013|France|Europe,ERR6044694,2013,France,Europe,Others,Lefrancq & Bouchez et al. 2022
ERR6044695|2013|France|Europe,ERR6044695,2013,France,Europe,ptxP3/fim3-2,Lefrancq & Bouchez et al. 2022
ERR6044696|2013|France|Europe,ERR6044696,2013,France,Europe,ptxP3/fim3-2,Lefrancq & Bouchez et al. 2022
ERR6044697|2013|France|Europe,ERR6044697,2013,France,Europe,ptxP3/fim3-1,Lefrancq & Bouchez et al. 2022
ERR6044698|2013|France|Europe,ERR6044698,2013,France,Europe,ptxP3/fim3-2,Lefrancq & Bouchez et al. 2022
ERR6044699|2013|France|Europe,ERR6044699,2013,France,Europe,ptxP3/fim3-1,Lefrancq & Bouchez et al. 2022
ERR6044700|2013|France|Europe,ERR6044700,2013,France,Europe,ptxP3/fim3-1,Lefrancq & Bouchez et al. 2022
ERR6044701|2013|France|Europe,ERR6044701,2013,France,Europe,ptxP3/fim3-1,Lefrancq & Bouchez et al. 2022
ERR6044702|2013|France|Europe,ERR6044702,2013,France,Europe,ptxP3/fim3-1,Lefrancq & Bouchez et al. 2022
ERR6044703|2013|France|Europe,ERR6044703,2013,France,Europe,ptxP3/fim3-2,Lefrancq & Bouchez et al. 2022
ERR6044704|2013|France|Europe,ERR6044704,2013,France,Europe,ptxP3/fim3-2,Lefrancq & Bouchez et al. 2022
ERR6044705|2013|France|Europe,ERR6044705,2013,France,Europe,ptxP3/fim3-2,Lefrancq & Bouchez et al. 2022
ERR6044706|2013|France|Europe,ERR6044706,2013,France,Europe,ptxP3/fim3-1,Lefrancq & Bouchez et al. 2022
ERR6044707|2013|France|Europe,ERR6044707,2013,France,Europe,ptxP3/fim3-2,Lefrancq & Bouchez et al. 2022
ERR6044708|2013|France|Europe,ERR6044708,2013,France,Europe,ptxP3/fim3-2,Lefrancq & Bouchez et al. 2022
ERR6044709|2013|France|Europe,ERR6044709,2013,France,Europe,ptxP3/fim3-1,Lefrancq & Bouchez et al. 2022
ERR6044710|2013|France|Europe,ERR6044710,2013,France,Europe,ptxP3/fim3-2,Lefrancq & Bouchez et al. 2022
ERR6044711|2013|France|Europe,ERR6044711,2013,France,Europe,ptxP3/fim3-1,Lefrancq & Bouchez et al. 2022
ERR6044712|2013|France|Europe,ERR6044712,2013,France,Europe,ptxP3/fim3-1,Lefrancq & Bouchez et al. 2022
ERR6044713|2013|France|Europe,ERR6044713,2013,France,Europe,ptxP3/fim3-2,Lefrancq & Bouchez et al. 2022
ERR6044714|2013|France|Europe,ERR6044714,2013,France,Europe,ptxP3/fim3-1,Lefrancq & Bouchez et al. 2022
ERR6044715|2013|France|Europe,ERR6044715,2013,France,Europe,ptxP3/fim3-2,Lefrancq & Bouchez et al. 2022
ERR6044716|2013|France|Europe,ERR6044716,2013,France,Europe,ptxP3/fim3-1,Lefrancq & Bouchez et al. 2022
ERR6044717|2013|France|Europe,ERR6044717,2013,France,Europe,ptxP3/fim3-1,Lefrancq & Bouchez et al. 2022
ERR6044718|2013|France|Europe,ERR6044718,2013,France,Europe,ptxP3/fim3-2,Lefrancq & Bouchez et al. 2022
ERR6044719|2013|France|Europe,ERR6044719,2013,France,Europe,ptxP3/fim3-1,Lefrancq & Bouchez et al. 2022
ERR6044720|2013|France|Europe,ERR6044720,2013,France,Europe,ptxP3/fim3-1,Lefrancq & Bouchez et al. 2022
ERR6044721|2013|France|Europe,ERR6044721,2013,France,Europe,ptxP3/fim3-2,Lefrancq & Bouchez et al. 2022
ERR6044722|2013|France|Europe,ERR6044722,2013,France,Europe,ptxP3/fim3-2,Lefrancq & Bouchez et al. 2022
ERR6044723|2013|France|Europe,ERR6044723,2013,France,Europe,ptxP3/fim3-2,Lefrancq & Bouchez et al. 2022
ERR6044724|2013|France|Europe,ERR6044724,2013,France,Europe,ptxP3/fim3-1,Lefrancq & Bouchez et al. 2022
ERR6044725|2013|France|Europe,ERR6044725,2013,France,Europe,ptxP3/fim3-2,Lefrancq & Bouchez et al. 2022
ERR6044726|2013|France|Europe,ERR6044726,2013,France,Europe,ptxP3/fim3-1,Lefrancq & Bouchez et al. 2022
ERR6044727|2013|France|Europe,ERR6044727,2013,France,Europe,ptxP3/fim3-2,Lefrancq & Bouchez et al. 2022
ERR6044728|2013|France|Europe,ERR6044728,2013,France,Europe,ptxP3/fim3-2,Lefrancq & Bouchez et al. 2022
ERR6044729|2013|France|Europe,ERR6044729,2013,France,Europe,ptxP3/fim3-2,Lefrancq & Bouchez et al. 2022
ERR6044730|2013|France|Europe,ERR6044730,2013,France,Europe,ptxP3/fim3-2,Lefrancq & Bouchez et al. 2022
ERR6044731|2013|France|Europe,ERR6044731,2013,France,Europe,ptxP3/fim3-2,Lefrancq & Bouchez et al. 2022
ERR6044732|2013|France|Europe,ERR6044732,2013,France,Europe,ptxP3/fim3-1,Lefrancq & Bouchez et al. 2022
ERR6044733|2013|France|Europe,ERR6044733,2013,France,Europe,ptxP3/fim3-1,Lefrancq & Bouchez et al. 2022
ERR6044734|2013|France|Europe,ERR6044734,2013,France,Europe,ptxP3/fim3-2,Lefrancq & Bouchez et al. 2022
ERR6044735|2013|France|Europe,ERR6044735,2013,France,Europe,ptxP3/fim3-2,Lefrancq & Bouchez et al. 2022
ERR6044736|2013|France|Europe,ERR6044736,2013,France,Europe,ptxP3/fim3-2,Lefrancq & Bouchez et al. 2022
ERR6044737|2013|France|Europe,ERR6044737,2013,France,Europe,ptxP3/fim3-2,Lefrancq & Bouchez et al. 2022
ERR6044738|2013|France|Europe,ERR6044738,2013,France,Europe,ptxP3/fim3-2,Lefrancq & Bouchez et al. 2022
ERR6044739|2013|France|Europe,ERR6044739,2013,France,Europe,ptxP3/fim3-1,Lefrancq & Bouchez et al. 2022
ERR6044740|2013|France|Europe,ERR6044740,2013,France,Europe,ptxP3/fim3-2,Lefrancq & Bouchez et al. 2022
ERR6044741|2013|France|Europe,ERR6044741,2013,France,Europe,ptxP3/fim3-1,Lefrancq & Bouchez et al. 2022
ERR6044742|2013|France|Europe,ERR6044742,2013,France,Europe,ptxP3/fim3-2,Lefrancq & Bouchez et al. 2022
ERR6044743|2013|France|Europe,ERR6044743,2013,France,Europe,ptxP3/fim3-1,Lefrancq & Bouchez et al. 2022
ERR6044744|2013|France|Europe,ERR6044744,2013,France,Europe,ptxP3/fim3-2,Lefrancq & Bouchez et al. 2022
ERR6044745|2013|France|Europe,ERR6044745,2013,France,Europe,ptxP3/fim3-1,Lefrancq & Bouchez et al. 2022
ERR6044746|2013|France|Europe,ERR6044746,2013,France,Europe,ptxP3/fim3-2,Lefrancq & Bouchez et al. 2022
ERR6044747|2013|France|Europe,ERR6044747,2013,France,Europe,ptxP3/fim3-1,Lefrancq & Bouchez et al. 2022
ERR6044748|2013|France|Europe,ERR6044748,2013,France,Europe,ptxP3/fim3-1,Lefrancq & Bouchez et al. 2022
ERR6044749|2013|France|Europe,ERR6044749,2013,France,Europe,ptxP3/fim3-2,Lefrancq & Bouchez et al. 2022
ERR6044750|2013|France|Europe,ERR6044750,2013,France,Europe,ptxP1/fim3-1,Lefrancq & Bouchez et al. 2022
ERR6044751|2013|France|Europe,ERR6044751,2013,France,Europe,ptxP3/fim3-2,Lefrancq & Bouchez et al. 2022
ERR6044752|2013|France|Europe,ERR6044752,2013,France,Europe,ptxP3/fim3-1,Lefrancq & Bouchez et al. 2022
ERR6044753|2013|France|Europe,ERR6044753,2013,France,Europe,ptxP3/fim3-1,Lefrancq & Bouchez et al. 2022
ERR6044754|2013|France|Europe,ERR6044754,2013,France,Europe,ptxP1/fim3-1,Lefrancq & Bouchez et al. 2022
ERR6044755|2013|France|Europe,ERR6044755,2013,France,Europe,ptxP3/fim3-1,Lefrancq & Bouchez et al. 2022
ERR6044756|2013|France|Europe,ERR6044756,2013,France,Europe,ptxP3/fim3-2,Lefrancq & Bouchez et al. 2022
ERR6044757|2013|France|Europe,ERR6044757,2013,France,Europe,ptxP3/fim3-1,Lefrancq & Bouchez et al. 2022
ERR6044758|2013|France|Europe,ERR6044758,2013,France,Europe,ptxP3/fim3-1,Lefrancq & Bouchez et al. 2022
ERR6044759|2013|France|Europe,ERR6044759,2013,France,Europe,ptxP3/fim3-2,Lefrancq & Bouchez et al. 2022
ERR6044760|2013|France|Europe,ERR6044760,2013,France,Europe,ptxP3/fim3-2,Lefrancq & Bouchez et al. 2022
ERR6044761|2013|France|Europe,ERR6044761,2013,France,Europe,ptxP3/fim3-1,Lefrancq & Bouchez et al. 2022
ERR6044762|2013|France|Europe,ERR6044762,2013,France,Europe,ptxP3/fim3-2,Lefrancq & Bouchez et al. 2022
ERR6044763|2013|France|Europe,ERR6044763,2013,France,Europe,ptxP3/fim3-2,Lefrancq & Bouchez et al. 2022
ERR6044764|2013|France|Europe,ERR6044764,2013,France,Europe,ptxP3/fim3-2,Lefrancq & Bouchez et al. 2022
ERR6044765|2013|France|Europe,ERR6044765,2013,France,Europe,ptxP3/fim3-2,Lefrancq & Bouchez et al. 2022
ERR6044766|2013|France|Europe,ERR6044766,2013,France,Europe,ptxP3/fim3-1,Lefrancq & Bouchez et al. 2022
ERR6044767|2013|France|Europe,ERR6044767,2013,France,Europe,ptxP3/fim3-2,Lefrancq & Bouchez et al. 2022
ERR6044768|2013|France|Europe,ERR6044768,2013,France,Europe,ptxP3/fim3-1,Lefrancq & Bouchez et al. 2022
ERR6044769|2013|France|Europe,ERR6044769,2013,France,Europe,ptxP3/fim3-1,Lefrancq & Bouchez et al. 2022
ERR6044770|2013|France|Europe,ERR6044770,2013,France,Europe,ptxP3/fim3-2,Lefrancq & Bouchez et al. 2022
ERR6044771|2013|France|Europe,ERR6044771,2013,France,Europe,ptxP3/fim3-1,Lefrancq & Bouchez et al. 2022
ERR6044772|2014|France|Europe,ERR6044772,2014,France,Europe,ptxP1/fim3-1,Lefrancq & Bouchez et al. 2022
ERR6044773|2014|France|Europe,ERR6044773,2014,France,Europe,ptxP3/fim3-2,Lefrancq & Bouchez et al. 2022
ERR6044774|2014|France|Europe,ERR6044774,2014,France,Europe,ptxP3/fim3-2,Lefrancq & Bouchez et al. 2022
ERR6044775|2014|France|Europe,ERR6044775,2014,France,Europe,ptxP3/fim3-2,Lefrancq & Bouchez et al. 2022
ERR6044776|2014|France|Europe,ERR6044776,2014,France,Europe,ptxP3/fim3-2,Lefrancq & Bouchez et al. 2022
ERR6044777|2014|France|Europe,ERR6044777,2014,France,Europe,Others,Lefrancq & Bouchez et al. 2022
ERR6044778|2014|France|Europe,ERR6044778,2014,France,Europe,ptxP3/fim3-2,Lefrancq & Bouchez et al. 2022
ERR6044779|2014|France|Europe,ERR6044779,2014,France,Europe,ptxP3/fim3-1,Lefrancq & Bouchez et al. 2022
ERR6044780|2014|France|Europe,ERR6044780,2014,France,Europe,ptxP3/fim3-2,Lefrancq & Bouchez et al. 2022
ERR6044781|2014|France|Europe,ERR6044781,2014,France,Europe,ptxP3/fim3-2,Lefrancq & Bouchez et al. 2022
ERR6044782|2014|France|Europe,ERR6044782,2014,France,Europe,ptxP3/fim3-2,Lefrancq & Bouchez et al. 2022
ERR6044783|2014|France|Europe,ERR6044783,2014,France,Europe,ptxP3/fim3-2,Lefrancq & Bouchez et al. 2022
ERR6044784|2014|France|Europe,ERR6044784,2014,France,Europe,ptxP3/fim3-1,Lefrancq & Bouchez et al. 2022
ERR6044785|2014|France|Europe,ERR6044785,2014,France,Europe,ptxP3/fim3-1,Lefrancq & Bouchez et al. 2022
ERR6044786|2014|France|Europe,ERR6044786,2014,France,Europe,ptxP3/fim3-1,Lefrancq & Bouchez et al. 2022
ERR6044787|2014|France|Europe,ERR6044787,2014,France,Europe,ptxP3/fim3-1,Lefrancq & Bouchez et al. 2022
ERR6044788|2014|France|Europe,ERR6044788,2014,France,Europe,ptxP3/fim3-1,Lefrancq & Bouchez et al. 2022
ERR6044789|2014|France|Europe,ERR6044789,2014,France,Europe,ptxP3/fim3-1,Lefrancq & Bouchez et al. 2022
ERR6044790|2014|France|Europe,ERR6044790,2014,France,Europe,ptxP3/fim3-1,Lefrancq & Bouchez et al. 2022
ERR6044791|2014|France|Europe,ERR6044791,2014,France,Europe,ptxP3/fim3-2,Lefrancq & Bouchez et al. 2022
ERR6044792|2014|France|Europe,ERR6044792,2014,France,Europe,ptxP3/fim3-1,Lefrancq & Bouchez et al. 2022
ERR6044793|2014|France|Europe,ERR6044793,2014,France,Europe,ptxP3/fim3-1,Lefrancq & Bouchez et al. 2022
ERR6044794|2014|France|Europe,ERR6044794,2014,France,Europe,ptxP3/fim3-1,Lefrancq & Bouchez et al. 2022
ERR6044795|2014|France|Europe,ERR6044795,2014,France,Europe,ptxP3/fim3-2,Lefrancq & Bouchez et al. 2022
ERR6044796|2014|France|Europe,ERR6044796,2014,France,Europe,ptxP3/fim3-1,Lefrancq & Bouchez et al. 2022
ERR6044797|2014|France|Europe,ERR6044797,2014,France,Europe,ptxP3/fim3-2,Lefrancq & Bouchez et al. 2022
ERR6044798|2014|France|Europe,ERR6044798,2014,France,Europe,ptxP3/fim3-1,Lefrancq & Bouchez et al. 2022
ERR6044799|2014|France|Europe,ERR6044799,2014,France,Europe,ptxP3/fim3-2,Lefrancq & Bouchez et al. 2022
ERR6044800|2014|France|Europe,ERR6044800,2014,France,Europe,ptxP3/fim3-1,Lefrancq & Bouchez et al. 2022
ERR6044801|2014|France|Europe,ERR6044801,2014,France,Europe,ptxP3/fim3-2,Lefrancq & Bouchez et al. 2022
ERR6044802|2014|France|Europe,ERR6044802,2014,France,Europe,ptxP3/fim3-2,Lefrancq & Bouchez et al. 2022
ERR6044803|2014|France|Europe,ERR6044803,2014,France,Europe,ptxP3/fim3-1,Lefrancq & Bouchez et al. 2022
ERR6044804|2014|France|Europe,ERR6044804,2014,France,Europe,ptxP3/fim3-2,Lefrancq & Bouchez et al. 2022
ERR6044805|2014|France|Europe,ERR6044805,2014,France,Europe,ptxP3/fim3-1,Lefrancq & Bouchez et al. 2022
ERR6044806|2014|France|Europe,ERR6044806,2014,France,Europe,ptxP3/fim3-2,Lefrancq & Bouchez et al. 2022
ERR6044807|2014|France|Europe,ERR6044807,2014,France,Europe,ptxP3/fim3-2,Lefrancq & Bouchez et al. 2022
ERR6044808|2014|France|Europe,ERR6044808,2014,France,Europe,ptxP3/fim3-2,Lefrancq & Bouchez et al. 2022
ERR6044809|2014|France|Europe,ERR6044809,2014,France,Europe,ptxP3/fim3-2,Lefrancq & Bouchez et al. 2022
ERR6044810|2014|France|Europe,ERR6044810,2014,France,Europe,ptxP3/fim3-1,Lefrancq & Bouchez et al. 2022
ERR6044811|2014|France|Europe,ERR6044811,2014,France,Europe,ptxP3/fim3-2,Lefrancq & Bouchez et al. 2022
ERR6044812|2014|France|Europe,ERR6044812,2014,France,Europe,ptxP3/fim3-1,Lefrancq & Bouchez et al. 2022
ERR6044813|2014|France|Europe,ERR6044813,2014,France,Europe,ptxP3/fim3-1,Lefrancq & Bouchez et al. 2022
ERR6044814|2014|France|Europe,ERR6044814,2014,France,Europe,ptxP3/fim3-2,Lefrancq & Bouchez et al. 2022
ERR6044815|2014|France|Europe,ERR6044815,2014,France,Europe,ptxP3/fim3-1,Lefrancq & Bouchez et al. 2022
ERR6044816|2014|France|Europe,ERR6044816,2014,France,Europe,ptxP3/fim3-2,Lefrancq & Bouchez et al. 2022
ERR6044817|2014|France|Europe,ERR6044817,2014,France,Europe,ptxP3/fim3-1,Lefrancq & Bouchez et al. 2022
ERR6044818|2014|France|Europe,ERR6044818,2014,France,Europe,ptxP3/fim3-2,Lefrancq & Bouchez et al. 2022
ERR6044819|2014|France|Europe,ERR6044819,2014,France,Europe,ptxP3/fim3-2,Lefrancq & Bouchez et al. 2022
ERR6044820|2014|France|Europe,ERR6044820,2014,France,Europe,ptxP3/fim3-1,Lefrancq & Bouchez et al. 2022
ERR6044821|2014|France|Europe,ERR6044821,2014,France,Europe,ptxP3/fim3-1,Lefrancq & Bouchez et al. 2022
ERR6044822|2014|France|Europe,ERR6044822,2014,France,Europe,ptxP3/fim3-2,Lefrancq & Bouchez et al. 2022
ERR6044823|2014|France|Europe,ERR6044823,2014,France,Europe,ptxP3/fim3-1,Lefrancq & Bouchez et al. 2022
ERR6044824|2014|France|Europe,ERR6044824,2014,France,Europe,ptxP3/fim3-2,Lefrancq & Bouchez et al. 2022
ERR6044825|2014|France|Europe,ERR6044825,2014,France,Europe,ptxP3/fim3-2,Lefrancq & Bouchez et al. 2022
ERR6044826|2014|France|Europe,ERR6044826,2014,France,Europe,ptxP3/fim3-2,Lefrancq & Bouchez et al. 2022
ERR6044827|2015|France|Europe,ERR6044827,2015,France,Europe,ptxP3/fim3-1,Lefrancq & Bouchez et al. 2022
ERR6044828|2015|France|Europe,ERR6044828,2015,France,Europe,ptxP3/fim3-1,Lefrancq & Bouchez et al. 2022
ERR6044829|2015|France|Europe,ERR6044829,2015,France,Europe,ptxP3/fim3-2,Lefrancq & Bouchez et al. 2022
ERR6044830|2015|France|Europe,ERR6044830,2015,France,Europe,ptxP3/fim3-1,Lefrancq & Bouchez et al. 2022
ERR6044831|2015|France|Europe,ERR6044831,2015,France,Europe,ptxP3/fim3-2,Lefrancq & Bouchez et al. 2022
ERR6044832|2015|France|Europe,ERR6044832,2015,France,Europe,ptxP3/fim3-1,Lefrancq & Bouchez et al. 2022
ERR6044833|2016|France|Europe,ERR6044833,2016,France,Europe,ptxP3/fim3-1,Lefrancq & Bouchez et al. 2022
ERR6044834|2016|France|Europe,ERR6044834,2016,France,Europe,ptxP3/fim3-1,Lefrancq & Bouchez et al. 2022
ERR6044835|2016|France|Europe,ERR6044835,2016,France,Europe,ptxP3/fim3-1,Lefrancq & Bouchez et al. 2022
ERR6044836|2016|France|Europe,ERR6044836,2016,France,Europe,ptxP3/fim3-1,Lefrancq & Bouchez et al. 2022
ERR6044837|2016|France|Europe,ERR6044837,2016,France,Europe,ptxP3/fim3-1,Lefrancq & Bouchez et al. 2022
ERR6044838|2016|France|Europe,ERR6044838,2016,France,Europe,ptxP3/fim3-1,Lefrancq & Bouchez et al. 2022
ERR6044839|2016|France|Europe,ERR6044839,2016,France,Europe,ptxP3/fim3-2,Lefrancq & Bouchez et al. 2022
ERR6044840|2016|France|Europe,ERR6044840,2016,France,Europe,ptxP3/fim3-1,Lefrancq & Bouchez et al. 2022
ERR6044841|2016|France|Europe,ERR6044841,2016,France,Europe,ptxP3/fim3-1,Lefrancq & Bouchez et al. 2022
ERR6044842|2016|France|Europe,ERR6044842,2016,France,Europe,ptxP1/fim3-1,Lefrancq & Bouchez et al. 2022
ERR6044843|2016|France|Europe,ERR6044843,2016,France,Europe,ptxP3/fim3-2,Lefrancq & Bouchez et al. 2022
ERR6044844|2016|France|Europe,ERR6044844,2016,France,Europe,ptxP3/fim3-1,Lefrancq & Bouchez et al. 2022
ERR6044845|2016|France|Europe,ERR6044845,2016,France,Europe,ptxP3/fim3-1,Lefrancq & Bouchez et al. 2022
ERR6044846|2016|France|Europe,ERR6044846,2016,France,Europe,ptxP3/fim3-2,Lefrancq & Bouchez et al. 2022
ERR6044847|2016|France|Europe,ERR6044847,2016,France,Europe,ptxP3/fim3-1,Lefrancq & Bouchez et al. 2022
ERR6044848|2016|France|Europe,ERR6044848,2016,France,Europe,ptxP3/fim3-1,Lefrancq & Bouchez et al. 2022
ERR6044849|2017|France|Europe,ERR6044849,2017,France,Europe,ptxP3/fim3-1,Lefrancq & Bouchez et al. 2022
ERR6044850|2017|France|Europe,ERR6044850,2017,France,Europe,ptxP3/fim3-1,Lefrancq & Bouchez et al. 2022
ERR6044851|2017|France|Europe,ERR6044851,2017,France,Europe,ptxP3/fim3-2,Lefrancq & Bouchez et al. 2022
ERR6044852|2017|France|Europe,ERR6044852,2017,France,Europe,ptxP3/fim3-2,Lefrancq & Bouchez et al. 2022
ERR6044853|2017|France|Europe,ERR6044853,2017,France,Europe,ptxP3/fim3-1,Lefrancq & Bouchez et al. 2022
ERR6044854|2017|France|Europe,ERR6044854,2017,France,Europe,ptxP3/fim3-2,Lefrancq & Bouchez et al. 2022
ERR6044855|2017|France|Europe,ERR6044855,2017,France,Europe,ptxP3/fim3-2,Lefrancq & Bouchez et al. 2022
ERR6044856|2017|France|Europe,ERR6044856,2017,France,Europe,ptxP3/fim3-1,Lefrancq & Bouchez et al. 2022
ERR6044857|2017|France|Europe,ERR6044857,2017,France,Europe,ptxP3/fim3-2,Lefrancq & Bouchez et al. 2022
ERR6044858|2017|France|Europe,ERR6044858,2017,France,Europe,ptxP3/fim3-2,Lefrancq & Bouchez et al. 2022
ERR6044859|2017|France|Europe,ERR6044859,2017,France,Europe,ptxP3/fim3-2,Lefrancq & Bouchez et al. 2022
ERR6044860|2017|France|Europe,ERR6044860,2017,France,Europe,ptxP3/fim3-2,Lefrancq & Bouchez et al. 2022
ERR6044861|2017|France|Europe,ERR6044861,2017,France,Europe,ptxP3/fim3-1,Lefrancq & Bouchez et al. 2022
ERR6044862|2017|France|Europe,ERR6044862,2017,France,Europe,ptxP3/fim3-2,Lefrancq & Bouchez et al. 2022
ERR6044863|2017|France|Europe,ERR6044863,2017,France,Europe,ptxP3/fim3-2,Lefrancq & Bouchez et al. 2022
ERR6044864|2017|France|Europe,ERR6044864,2017,France,Europe,ptxP3/fim3-2,Lefrancq & Bouchez et al. 2022
ERR6044865|2017|France|Europe,ERR6044865,2017,France,Europe,ptxP3/fim3-1,Lefrancq & Bouchez et al. 2022
ERR6044866|2017|France|Europe,ERR6044866,2017,France,Europe,ptxP3/fim3-2,Lefrancq & Bouchez et al. 2022
ERR6044867|2017|France|Europe,ERR6044867,2017,France,Europe,ptxP3/fim3-2,Lefrancq & Bouchez et al. 2022
ERR6044868|2017|France|Europe,ERR6044868,2017,France,Europe,ptxP3/fim3-2,Lefrancq & Bouchez et al. 2022
ERR6044869|2017|France|Europe,ERR6044869,2017,France,Europe,ptxP3/fim3-2,Lefrancq & Bouchez et al. 2022
ERR6044870|2017|France|Europe,ERR6044870,2017,France,Europe,ptxP3/fim3-1,Lefrancq & Bouchez et al. 2022
ERR6044871|2017|France|Europe,ERR6044871,2017,France,Europe,ptxP3/fim3-1,Lefrancq & Bouchez et al. 2022
ERR6044872|2017|France|Europe,ERR6044872,2017,France,Europe,ptxP3/fim3-2,Lefrancq & Bouchez et al. 2022
ERR6044873|2017|France|Europe,ERR6044873,2017,France,Europe,ptxP3/fim3-2,Lefrancq & Bouchez et al. 2022
ERR6044874|2017|France|Europe,ERR6044874,2017,France,Europe,ptxP3/fim3-2,Lefrancq & Bouchez et al. 2022
ERR6044875|2017|France|Europe,ERR6044875,2017,France,Europe,ptxP3/fim3-2,Lefrancq & Bouchez et al. 2022
ERR6044876|2017|France|Europe,ERR6044876,2017,France,Europe,ptxP3/fim3-1,Lefrancq & Bouchez et al. 2022
ERR6044877|2017|France|Europe,ERR6044877,2017,France,Europe,ptxP3/fim3-2,Lefrancq & Bouchez et al. 2022
ERR6044878|2017|France|Europe,ERR6044878,2017,France,Europe,ptxP1/fim3-1,Lefrancq & Bouchez et al. 2022
ERR6044879|2017|France|Europe,ERR6044879,2017,France,Europe,ptxP3/fim3-2,Lefrancq & Bouchez et al. 2022
ERR6044880|2017|France|Europe,ERR6044880,2017,France,Europe,ptxP3/fim3-2,Lefrancq & Bouchez et al. 2022
ERR6044881|2017|France|Europe,ERR6044881,2017,France,Europe,ptxP3/fim3-1,Lefrancq & Bouchez et al. 2022
ERR6044882|2017|France|Europe,ERR6044882,2017,France,Europe,ptxP3/fim3-2,Lefrancq & Bouchez et al. 2022
ERR6044883|2018|France|Europe,ERR6044883,2018,France,Europe,ptxP3/fim3-1,Lefrancq & Bouchez et al. 2022
ERR6044884|2018|France|Europe,ERR6044884,2018,France,Europe,ptxP3/fim3-1,Lefrancq & Bouchez et al. 2022
ERR6044885|2018|France|Europe,ERR6044885,2018,France,Europe,ptxP3/fim3-1,Lefrancq & Bouchez et al. 2022
ERR6044886|2018|France|Europe,ERR6044886,2018,France,Europe,ptxP3/fim3-1,Lefrancq & Bouchez et al. 2022
ERR6044887|2018|France|Europe,ERR6044887,2018,France,Europe,ptxP3/fim3-1,Lefrancq & Bouchez et al. 2022
ERR6044888|2018|France|Europe,ERR6044888,2018,France,Europe,ptxP3/fim3-1,Lefrancq & Bouchez et al. 2022
ERR6044889|2018|France|Europe,ERR6044889,2018,France,Europe,ptxP3/fim3-1,Lefrancq & Bouchez et al. 2022
ERR6044890|2018|France|Europe,ERR6044890,2018,France,Europe,ptxP3/fim3-2,Lefrancq & Bouchez et al. 2022
ERR6044891|2018|France|Europe,ERR6044891,2018,France,Europe,ptxP3/fim3-1,Lefrancq & Bouchez et al. 2022
ERR6044892|2018|France|Europe,ERR6044892,2018,France,Europe,ptxP3/fim3-1,Lefrancq & Bouchez et al. 2022
ERR6044893|2018|France|Europe,ERR6044893,2018,France,Europe,ptxP3/fim3-1,Lefrancq & Bouchez et al. 2022
ERR6044894|2018|France|Europe,ERR6044894,2018,France,Europe,ptxP3/fim3-2,Lefrancq & Bouchez et al. 2022
ERR6044895|2018|France|Europe,ERR6044895,2018,France,Europe,ptxP3/fim3-1,Lefrancq & Bouchez et al. 2022
ERR6044896|2018|France|Europe,ERR6044896,2018,France,Europe,ptxP3/fim3-2,Lefrancq & Bouchez et al. 2022
ERR6044897|2018|France|Europe,ERR6044897,2018,France,Europe,ptxP3/fim3-1,Lefrancq & Bouchez et al. 2022
ERR6044898|2018|France|Europe,ERR6044898,2018,France,Europe,ptxP3/fim3-2,Lefrancq & Bouchez et al. 2022
ERR6044899|2018|France|Europe,ERR6044899,2018,France,Europe,ptxP3/fim3-2,Lefrancq & Bouchez et al. 2022
ERR6044900|2018|France|Europe,ERR6044900,2018,France,Europe,ptxP1/fim3-1,Lefrancq & Bouchez et al. 2022
ERR6044901|2018|France|Europe,ERR6044901,2018,France,Europe,ptxP3/fim3-2,Lefrancq & Bouchez et al. 2022
ERR6044902|2018|France|Europe,ERR6044902,2018,France,Europe,ptxP3/fim3-2,Lefrancq & Bouchez et al. 2022
ERR6044903|2018|France|Europe,ERR6044903,2018,France,Europe,ptxP3/fim3-2,Lefrancq & Bouchez et al. 2022
ERR6044904|2018|France|Europe,ERR6044904,2018,France,Europe,ptxP3/fim3-2,Lefrancq & Bouchez et al. 2022
ERR6044905|2018|France|Europe,ERR6044905,2018,France,Europe,ptxP3/fim3-2,Lefrancq & Bouchez et al. 2022
ERR6044906|2018|France|Europe,ERR6044906,2018,France,Europe,ptxP3/fim3-1,Lefrancq & Bouchez et al. 2022
ERR6044907|2018|France|Europe,ERR6044907,2018,France,Europe,ptxP3/fim3-2,Lefrancq & Bouchez et al. 2022
ERR6044908|2018|France|Europe,ERR6044908,2018,France,Europe,ptxP3/fim3-2,Lefrancq & Bouchez et al. 2022
ERR6044909|2018|France|Europe,ERR6044909,2018,France,Europe,ptxP3/fim3-1,Lefrancq & Bouchez et al. 2022
ERR6044910|2018|France|Europe,ERR6044910,2018,France,Europe,ptxP3/fim3-1,Lefrancq & Bouchez et al. 2022
ERR6044911|2018|France|Europe,ERR6044911,2018,France,Europe,ptxP3/fim3-2,Lefrancq & Bouchez et al. 2022
ERR6044912|2018|France|Europe,ERR6044912,2018,France,Europe,ptxP3/fim3-1,Lefrancq & Bouchez et al. 2022
ERR6044913|2018|France|Europe,ERR6044913,2018,France,Europe,ptxP3/fim3-1,Lefrancq & Bouchez et al. 2022
ERR6044914|2018|France|Europe,ERR6044914,2018,France,Europe,ptxP3/fim3-2,Lefrancq & Bouchez et al. 2022
ERR6044915|2018|France|Europe,ERR6044915,2018,France,Europe,ptxP3/fim3-2,Lefrancq & Bouchez et al. 2022
ERR6044916|2018|France|Europe,ERR6044916,2018,France,Europe,ptxP3/fim3-2,Lefrancq & Bouchez et al. 2022
ERR6044917|2018|France|Europe,ERR6044917,2018,France,Europe,ptxP3/fim3-2,Lefrancq & Bouchez et al. 2022
ERR6044918|2018|France|Europe,ERR6044918,2018,France,Europe,ptxP3/fim3-2,Lefrancq & Bouchez et al. 2022
ERR6044919|2019|France|Europe,ERR6044919,2019,France,Europe,ptxP3/fim3-1,Lefrancq & Bouchez et al. 2022
ERR6044920|2012|France|Europe,ERR6044920,2012,France,Europe,ptxP3/fim3-1,Lefrancq & Bouchez et al. 2022
ERR6044921|2012|France|Europe,ERR6044921,2012,France,Europe,ptxP3/fim3-2,Lefrancq & Bouchez et al. 2022
ERR6044922|2012|France|Europe,ERR6044922,2012,France,Europe,ptxP3/fim3-1,Lefrancq & Bouchez et al. 2022
ERR6044923|2012|France|Europe,ERR6044923,2012,France,Europe,ptxP3/fim3-1,Lefrancq & Bouchez et al. 2022
ERR6044924|2012|France|Europe,ERR6044924,2012,France,Europe,ptxP3/fim3-1,Lefrancq & Bouchez et al. 2022
ERR6044925|2012|France|Europe,ERR6044925,2012,France,Europe,ptxP3/fim3-1,Lefrancq & Bouchez et al. 2022
ERR6044926|2012|France|Europe,ERR6044926,2012,France,Europe,ptxP3/fim3-1,Lefrancq & Bouchez et al. 2022
ERR6044927|2012|France|Europe,ERR6044927,2012,France,Europe,ptxP3/fim3-1,Lefrancq & Bouchez et al. 2022
ERR6044928|2012|France|Europe,ERR6044928,2012,France,Europe,ptxP3/fim3-1,Lefrancq & Bouchez et al. 2022
ERR6044930|2012|France|Europe,ERR6044930,2012,France,Europe,ptxP3/fim3-2,Lefrancq & Bouchez et al. 2022
ERR6044931|2012|France|Europe,ERR6044931,2012,France,Europe,ptxP3/fim3-1,Lefrancq & Bouchez et al. 2022
ERR6044932|2012|France|Europe,ERR6044932,2012,France,Europe,ptxP3/fim3-1,Lefrancq & Bouchez et al. 2022
ERR6044933|2012|France|Europe,ERR6044933,2012,France,Europe,ptxP3/fim3-1,Lefrancq & Bouchez et al. 2022
ERR6044934|2012|France|Europe,ERR6044934,2012,France,Europe,ptxP3/fim3-1,Lefrancq & Bouchez et al. 2022
ERR6044935|2012|France|Europe,ERR6044935,2012,France,Europe,ptxP3/fim3-1,Lefrancq & Bouchez et al. 2022
ERR6044936|2012|France|Europe,ERR6044936,2012,France,Europe,ptxP3/fim3-1,Lefrancq & Bouchez et al. 2022
ERR6044937|2012|France|Europe,ERR6044937,2012,France,Europe,ptxP3/fim3-2,Lefrancq & Bouchez et al. 2022
ERR6044938|2012|France|Europe,ERR6044938,2012,France,Europe,ptxP3/fim3-2,Lefrancq & Bouchez et al. 2022
ERR6044939|2012|France|Europe,ERR6044939,2012,France,Europe,ptxP3/fim3-1,Lefrancq & Bouchez et al. 2022
ERR6044940|2012|France|Europe,ERR6044940,2012,France,Europe,ptxP3/fim3-1,Lefrancq & Bouchez et al. 2022
ERR6044941|2012|France|Europe,ERR6044941,2012,France,Europe,ptxP3/fim3-2,Lefrancq & Bouchez et al. 2022
ERR6044942|2012|France|Europe,ERR6044942,2012,France,Europe,ptxP3/fim3-1,Lefrancq & Bouchez et al. 2022
ERR6044943|2012|France|Europe,ERR6044943,2012,France,Europe,ptxP3/fim3-2,Lefrancq & Bouchez et al. 2022
ERR6044944|2012|France|Europe,ERR6044944,2012,France,Europe,ptxP3/fim3-2,Lefrancq & Bouchez et al. 2022
ERR6044945|2012|France|Europe,ERR6044945,2012,France,Europe,ptxP3/fim3-2,Lefrancq & Bouchez et al. 2022
ERR6044946|2012|France|Europe,ERR6044946,2012,France,Europe,ptxP3/fim3-2,Lefrancq & Bouchez et al. 2022
ERR6044947|2012|France|Europe,ERR6044947,2012,France,Europe,ptxP3/fim3-2,Lefrancq & Bouchez et al. 2022
ERR6044948|2012|France|Europe,ERR6044948,2012,France,Europe,ptxP3/fim3-1,Lefrancq & Bouchez et al. 2022
ERR6044949|2012|France|Europe,ERR6044949,2012,France,Europe,ptxP3/fim3-1,Lefrancq & Bouchez et al. 2022
ERR6044950|2012|France|Europe,ERR6044950,2012,France,Europe,ptxP3/fim3-2,Lefrancq & Bouchez et al. 2022
ERR6044951|2012|France|Europe,ERR6044951,2012,France,Europe,ptxP3/fim3-1,Lefrancq & Bouchez et al. 2022
ERR6044952|2012|France|Europe,ERR6044952,2012,France,Europe,ptxP3/fim3-1,Lefrancq & Bouchez et al. 2022
ERR6044953|2012|France|Europe,ERR6044953,2012,France,Europe,Others,Lefrancq & Bouchez et al. 2022
ERR6044954|2012|France|Europe,ERR6044954,2012,France,Europe,ptxP3/fim3-2,Lefrancq & Bouchez et al. 2022
ERR6044955|2012|France|Europe,ERR6044955,2012,France,Europe,ptxP3/fim3-2,Lefrancq & Bouchez et al. 2022
ERR6044956|2012|France|Europe,ERR6044956,2012,France,Europe,ptxP3/fim3-1,Lefrancq & Bouchez et al. 2022
ERR6044957|2012|France|Europe,ERR6044957,2012,France,Europe,ptxP3/fim3-2,Lefrancq & Bouchez et al. 2022
ERR6044958|2012|France|Europe,ERR6044958,2012,France,Europe,ptxP3/fim3-2,Lefrancq & Bouchez et al. 2022
ERR6044959|2012|France|Europe,ERR6044959,2012,France,Europe,ptxP3/fim3-2,Lefrancq & Bouchez et al. 2022
ERR6044960|2012|France|Europe,ERR6044960,2012,France,Europe,ptxP3/fim3-2,Lefrancq & Bouchez et al. 2022
ERR6044961|2012|France|Europe,ERR6044961,2012,France,Europe,ptxP3/fim3-2,Lefrancq & Bouchez et al. 2022
ERR6044962|2012|France|Europe,ERR6044962,2012,France,Europe,ptxP3/fim3-1,Lefrancq & Bouchez et al. 2022
ERR6044963|2012|France|Europe,ERR6044963,2012,France,Europe,ptxP3/fim3-1,Lefrancq & Bouchez et al. 2022
ERR6044964|2012|France|Europe,ERR6044964,2012,France,Europe,ptxP3/fim3-2,Lefrancq & Bouchez et al. 2022
ERR6044965|2012|France|Europe,ERR6044965,2012,France,Europe,ptxP3/fim3-2,Lefrancq & Bouchez et al. 2022
ERR6044966|2012|France|Europe,ERR6044966,2012,France,Europe,ptxP3/fim3-1,Lefrancq & Bouchez et al. 2022
ERR6044967|2012|France|Europe,ERR6044967,2012,France,Europe,ptxP3/fim3-2,Lefrancq & Bouchez et al. 2022
ERR6044968|2012|France|Europe,ERR6044968,2012,France,Europe,ptxP3/fim3-1,Lefrancq & Bouchez et al. 2022
ERR6044969|2012|France|Europe,ERR6044969,2012,France,Europe,ptxP3/fim3-2,Lefrancq & Bouchez et al. 2022
ERR6045017|2012|France|Europe,ERR6045017,2012,France,Europe,ptxP3/fim3-2,Lefrancq & Bouchez et al. 2022
ERR8052263|2009|France|Europe,ERR8052263,2009,France,Europe,Others,NCBI
ERR8052264|2011|France|Europe,ERR8052264,2011,France,Europe,Others,NCBI
ERR8052265|2011|France|Europe,ERR8052265,2011,France,Europe,Others,NCBI
ERR8052266|2019|France|Europe,ERR8052266,2019,France,Europe,ptxP3/fim3-2,This_study
ERR8052267|2019|France|Europe,ERR8052267,2019,France,Europe,ptxP3/fim3-2,This_study
FR0240|1996|France|Europe,ERR13848229,1996,France,Europe,ptxP1/fim3-1,This_study
FR0242|1996|France|Europe,ERR13848230,1996,France,Europe,ptxP3/fim3-1,This_study
FR0243|1996|France|Europe,ERR13848231,1996,France,Europe,ptxP1/fim3-1,This_study
FR0244|1996|France|Europe,ERR13848232,1996,France,Europe,ptxP1/fim3-1,This_study
FR0245|1996|France|Europe,ERR13848233,1996,France,Europe,ptxP3/fim3-1,This_study
FR0246|1996|France|Europe,ERR13848234,1996,France,Europe,ptxP3/fim3-1,This_study
FR0247|1996|France|Europe,ERR13848235,1996,France,Europe,ptxP3/fim3-1,This_study
FR0257|1996|France|Europe,ERR13848236,1996,France,Europe,ptxP1/fim3-1,This_study
FR0259|1996|France|Europe,ERR13848237,1996,France,Europe,ptxP3/fim3-1,This_study
FR0260|1996|France|Europe,ERR13848238,1996,France,Europe,ptxP1/fim3-1,This_study
FR0262|1996|France|Europe,ERR13848239,1996,France,Europe,ptxP1/fim3-1,This_study
FR0263|1996|France|Europe,ERR13848240,1996,France,Europe,ptxP1/fim3-1,This_study
FR0264|1996|France|Europe,ERR13848241,1996,France,Europe,ptxP1/fim3-1,This_study
FR0269|1996|France|Europe,ERR13848242,1996,France,Europe,ptxP1/fim3-1,This_study
FR0274|1996|France|Europe,ERR13848243,1996,France,Europe,ptxP1/fim3-1,This_study
FR0276|1996|France|Europe,ERR13848244,1996,France,Europe,ptxP1/fim3-1,This_study
FR0277|1996|France|Europe,ERR13848245,1996,France,Europe,ptxP1/fim3-1,This_study
FR0278|1996|France|Europe,ERR13848246,1996,France,Europe,ptxP1/fim3-1,This_study
FR0279|1996|France|Europe,ERR13848247,1996,France,Europe,ptxP1/fim3-1,This_study
FR0282|1996|France|Europe,ERR13848248,1996,France,Europe,ptxP3/fim3-2,This_study
FR0287|1996|France|Europe,ERR13848249,1996,France,Europe,ptxP1/fim3-1,This_study
FR0290|1996|France|Europe,ERR13848250,1996,France,Europe,ptxP1/fim3-1,This_study
FR0299|1996|France|Europe,ERR13848251,1996,France,Europe,ptxP3/fim3-1,This_study
FR0316|1997|France|Europe,ERR13848252,1997,France,Europe,ptxP1/fim3-1,This_study
FR0334|1997|France|Europe,ERR13848253,1997,France,Europe,ptxP3/fim3-1,This_study
FR0347|1997|France|Europe,ERR13848254,1997,France,Europe,ptxP1/fim3-1,This_study
FR0349|1997|France|Europe,ERR13848255,1997,France,Europe,ptxP1/fim3-1,This_study
FR0364|1997|France|Europe,ERR13848256,1997,France,Europe,ptxP1/fim3-1,This_study
FR0370|1997|France|Europe,ERR13848257,1997,France,Europe,ptxP1/fim3-1,This_study
FR0372|1997|France|Europe,ERR13848258,1997,France,Europe,ptxP1/fim3-1,This_study
FR0373|1997|France|Europe,ERR13848259,1997,France,Europe,ptxP3/fim3-1,This_study
FR0375|1997|France|Europe,ERR13848260,1997,France,Europe,ptxP3/fim3-1,This_study
FR0377|1997|France|Europe,ERR13848261,1997,France,Europe,ptxP1/fim3-1,This_study
FR0380|1997|France|Europe,ERR13848262,1997,France,Europe,ptxP1/fim3-1,This_study
FR0383|1997|France|Europe,ERR13848263,1997,France,Europe,ptxP1/fim3-1,This_study
FR0386|1997|France|Europe,ERR13848264,1997,France,Europe,ptxP1/fim3-1,This_study
FR0387|1997|France|Europe,ERR13848265,1997,France,Europe,ptxP1/fim3-1,This_study
FR0390|1997|France|Europe,ERR13848266,1997,France,Europe,ptxP1/fim3-1,This_study
FR0391|1997|France|Europe,ERR13848267,1997,France,Europe,ptxP1/fim3-1,This_study
FR0392|1997|France|Europe,ERR13848268,1997,France,Europe,ptxP1/fim3-1,This_study
FR0393|1997|France|Europe,ERR13848269,1997,France,Europe,ptxP3/fim3-2,This_study
FR0395|1997|France|Europe,ERR13848270,1997,France,Europe,ptxP1/fim3-1,This_study
FR0432|1997|France|Europe,ERR5101988,1997,France,Europe,ptxP1/fim3-1,Bouchez et al. 2021
FR0435|1997|France|Europe,ERR13848271,1997,France,Europe,ptxP3/fim3-1,This_study
FR0436|1997|France|Europe,ERR13848272,1997,France,Europe,ptxP1/fim3-1,This_study
FR0437|1997|France|Europe,ERR13848273,1997,France,Europe,ptxP1/fim3-1,This_study
FR0450|1997|France|Europe,ERR13848274,1997,France,Europe,ptxP1/fim3-1,This_study
FR0452|1997|France|Europe,ERR13848275,1997,France,Europe,ptxP3/fim3-1,This_study
FR0458|1997|France|Europe,ERR13848276,1997,France,Europe,ptxP1/fim3-1,This_study
FR0459|1997|France|Europe,ERR13848219,1997,France,Europe,ptxP3/fim3-2,This_study
FR0460|1997|France|Europe,ERR13848220,1997,France,Europe,ptxP1/fim3-1,This_study
FR0462|1997|France|Europe,ERR13848221,1997,France,Europe,ptxP1/fim3-1,This_study
FR0463|1997|France|Europe,ERR13848222,1997,France,Europe,ptxP1/fim3-1,This_study
FR0464|1997|France|Europe,ERR13848223,1997,France,Europe,ptxP3/fim3-2,This_study
FR0484|1997|France|Europe,ERR13848224,1997,France,Europe,ptxP1/fim3-1,This_study
FR0512|1997|France|Europe,ERR13848225,1997,France,Europe,ptxP3/fim3-1,This_study
FR0528|1997|France|Europe,ERR13848226,1997,France,Europe,ptxP3/fim3-2,This_study
FR0533|1997|France|Europe,ERR13848227,1997,France,Europe,ptxP1/fim3-1,This_study
FR0620|1998|France|Europe,ERR13848228,1998,France,Europe,ptxP3/fim3-2,This_study
FR0621|1998|France|Europe,ERR13848277,1998,France,Europe,ptxP3/fim3-1,This_study
FR0622|1998|France|Europe,ERR13848278,1998,France,Europe,ptxP3/fim3-1,This_study
FR0623|1998|France|Europe,ERR13848279,1998,France,Europe,ptxP3/fim3-2,This_study
FR0665|1998|France|Europe,ERR13848280,1998,France,Europe,ptxP3/fim3-2,This_study
FR0668|1998|France|Europe,ERR13848281,1998,France,Europe,ptxP3/fim3-2,This_study
FR0670|1998|France|Europe,ERR13848282,1998,France,Europe,ptxP3/fim3-2,This_study
FR0671|1999|France|Europe,ERR13848283,1999,France,Europe,ptxP3/fim3-1,This_study
FR0672|1999|France|Europe,ERR13848284,1999,France,Europe,ptxP1/fim3-1,This_study
FR0675|1999|France|Europe,ERR13848285,1999,France,Europe,ptxP3/fim3-2,This_study
FR0901|2000|France|Europe,ERR13848286,2000,France,Europe,ptxP3/fim3-2,This_study
FR0902|2000|France|Europe,ERR13848287,2000,France,Europe,ptxP1/fim3-1,This_study
FR0907|2000|France|Europe,ERR13848288,2000,France,Europe,ptxP3/fim3-2,This_study
FR0908|2000|France|Europe,ERR13848289,2000,France,Europe,ptxP3/fim3-1,This_study
FR0922|2000|France|Europe,ERR13848290,2000,France,Europe,ptxP3/fim3-2,This_study
FR0924|2000|France|Europe,ERR13848291,2000,France,Europe,ptxP3/fim3-1,This_study
FR0999|2000|France|Europe,ERR13848292,2000,France,Europe,ptxP3/fim3-2,This_study
FR1000|2000|France|Europe,ERR13848293,2000,France,Europe,ptxP3/fim3-2,This_study
FR1001|2000|France|Europe,ERR13848294,2000,France,Europe,ptxP3/fim3-2,This_study
FR1002|2000|France|Europe,ERR13848295,2000,France,Europe,ptxP3/fim3-2,This_study
FR1003|2000|France|Europe,ERR13848296,2000,France,Europe,ptxP3/fim3-2,This_study
FR1004|2000|France|Europe,ERR13848297,2000,France,Europe,ptxP3/fim3-2,This_study
FR1005|2000|France|Europe,ERR13848298,2000,France,Europe,ptxP3/fim3-2,This_study
FR1006|2000|France|Europe,ERR13848299,2000,France,Europe,ptxP3/fim3-2,This_study
FR1008|2000|France|Europe,ERR13848300,2000,France,Europe,ptxP3/fim3-2,This_study
FR1010|2001|France|Europe,ERR13848301,2001,France,Europe,ptxP3/fim3-2,This_study
FR1011|2001|France|Europe,ERR13848302,2001,France,Europe,ptxP3/fim3-1,This_study
FR1012|2001|France|Europe,ERR13848303,2001,France,Europe,ptxP3/fim3-2,This_study
FR1013|2001|France|Europe,ERR13848304,2001,France,Europe,ptxP3/fim3-2,This_study
FR1014|2001|France|Europe,ERR13848305,2001,France,Europe,ptxP3/fim3-2,This_study
FR1016|2000|France|Europe,ERR13848306,2000,France,Europe,ptxP3/fim3-2,This_study
FR1018|1997|France|Europe,ERR13848307,1997,France,Europe,ptxP1/fim3-1,This_study
FR1019|2000|France|Europe,ERR13848308,2000,France,Europe,ptxP3/fim3-2,This_study
FR1021|1998|France|Europe,ERR13848309,1998,France,Europe,ptxP1/fim3-1,This_study
FR1022|1996|France|Europe,ERR13848310,1996,France,Europe,ptxP1/fim3-1,This_study
FR1023|1996|France|Europe,ERR13848311,1996,France,Europe,ptxP1/fim3-1,This_study
FR1024|2001|France|Europe,ERR13848312,2001,France,Europe,ptxP3/fim3-2,This_study
FR1026|2001|France|Europe,ERR13848313,2001,France,Europe,ptxP3/fim3-2,This_study
FR1028|2001|France|Europe,ERR13848314,2001,France,Europe,ptxP3/fim3-2,This_study
FR1029|2001|France|Europe,ERR13848315,2001,France,Europe,ptxP3/fim3-2,This_study
FR3105|2004|France|Europe,ERR13848316,2004,France,Europe,ptxP3/fim3-1,This_study
FR3119|2004|France|Europe,ERR13848317,2004,France,Europe,ptxP3/fim3-2,This_study
FR3124|2004|France|Europe,ERR13848318,2004,France,Europe,ptxP3/fim3-1,This_study
FR3126|2004|France|Europe,ERR13848319,2004,France,Europe,ptxP3/fim3-1,This_study
FR3133|2004|France|Europe,ERR13848320,2004,France,Europe,ptxP3/fim3-2,This_study
FR3134|2004|France|Europe,ERR13848321,2004,France,Europe,ptxP3/fim3-2,This_study
FR3140|2004|France|Europe,ERR13848322,2004,France,Europe,ptxP3/fim3-2,This_study
FR3143|2004|France|Europe,ERR13848323,2004,France,Europe,ptxP3/fim3-2,This_study
FR3144|2004|France|Europe,ERR13848324,2004,France,Europe,ptxP3/fim3-2,This_study
FR3146|2004|France|Europe,ERR13848325,2004,France,Europe,ptxP3/fim3-2,This_study
FR3147|2004|France|Europe,ERR13848326,2004,France,Europe,ptxP3/fim3-2,This_study
FR3150|2004|France|Europe,ERR13848327,2004,France,Europe,ptxP3/fim3-2,This_study
FR3153|2004|France|Europe,ERR13848328,2004,France,Europe,ptxP3/fim3-2,This_study
FR3156|2004|France|Europe,ERR13848329,2004,France,Europe,ptxP3/fim3-2,This_study
FR3159|2004|France|Europe,ERR13848330,2004,France,Europe,ptxP3/fim3-2,This_study
FR3160|2004|France|Europe,ERR13848331,2004,France,Europe,ptxP3/fim3-2,This_study
FR3161|2004|France|Europe,ERR13848332,2004,France,Europe,ptxP3/fim3-2,This_study
FR3163|2004|France|Europe,ERR13848333,2004,France,Europe,ptxP3/fim3-1,This_study
FR3165|2004|France|Europe,ERR13848334,2004,France,Europe,ptxP3/fim3-2,This_study
FR3166|2004|France|Europe,ERR13848335,2004,France,Europe,ptxP3/fim3-2,This_study
FR3172|2004|France|Europe,ERR13848336,2004,France,Europe,ptxP3/fim3-2,This_study
FR3176|2004|France|Europe,ERR13848337,2004,France,Europe,ptxP3/fim3-1,This_study
FR3282|2005|France|Europe,ERR13848338,2005,France,Europe,ptxP3/fim3-2,This_study
FR3320|2005|France|Europe,ERR13848339,2005,France,Europe,ptxP3/fim3-2,This_study
FR3335|2005|France|Europe,ERR13848340,2005,France,Europe,ptxP3/fim3-1,This_study
FR3425|2005|France|Europe,ERR13848341,2005,France,Europe,ptxP3/fim3-2,This_study
FR3426|2005|France|Europe,ERR13848342,2005,France,Europe,ptxP3/fim3-1,This_study
FR3428|2005|France|Europe,ERR13848343,2005,France,Europe,ptxP3/fim3-1,This_study
FR3429|2005|France|Europe,ERR13848344,2005,France,Europe,ptxP3/fim3-1,This_study
FR3430|2005|France|Europe,ERR13848345,2005,France,Europe,ptxP3/fim3-2,This_study
FR3431|2005|France|Europe,ERR13848346,2005,France,Europe,ptxP3/fim3-2,This_study
FR3432|2005|France|Europe,ERR13848347,2005,France,Europe,ptxP3/fim3-2,This_study
FR3434|2005|France|Europe,ERR13848348,2005,France,Europe,ptxP3/fim3-2,This_study
FR3435|2005|France|Europe,ERR13848349,2005,France,Europe,ptxP3/fim3-2,This_study
FR3469|2005|France|Europe,ERR5101985,2005,France,Europe,ptxP3/fim3-2,Bouchez et al. 2021
FR3524|2006|France|Europe,ERR13848350,2006,France,Europe,ptxP3/fim3-1,This_study
FR3535|2006|France|Europe,ERR13848351,2006,France,Europe,ptxP3/fim3-2,This_study
FR3538|2006|France|Europe,ERR13848352,2006,France,Europe,ptxP3/fim3-2,This_study
FR3713|2007|France|Europe,ERR13848353,2007,France,Europe,ptxP3/fim3-1,This_study
FR3732|2007|France|Europe,ERR13848354,2007,France,Europe,ptxP3/fim3-2,This_study
FR3764|2007|France|Europe,ERR13848355,2007,France,Europe,ptxP3/fim3-2,This_study
FR3765|2007|France|Europe,ERR13848356,2007,France,Europe,ptxP3/fim3-2,This_study
FR3766|2007|France|Europe,ERR13848357,2007,France,Europe,ptxP3/fim3-2,This_study
FR3767|2007|France|Europe,ERR13848358,2007,France,Europe,ptxP3/fim3-2,This_study
FR3769|2007|France|Europe,ERR13848359,2007,France,Europe,ptxP3/fim3-1,This_study
FR3770|2007|France|Europe,ERR13848360,2007,France,Europe,ptxP3/fim3-1,This_study
FR3771|2007|France|Europe,ERR13848361,2007,France,Europe,ptxP3/fim3-1,This_study
FR3773|2007|France|Europe,ERR13848362,2007,France,Europe,ptxP3/fim3-2,This_study
FR3866|2008|France|Europe,ERR13848363,2008,France,Europe,ptxP3/fim3-1,This_study
FR3918|2008|France|Europe,ERR13848364,2008,France,Europe,ptxP3/fim3-2,This_study
FR3920|2008|France|Europe,ERR13848365,2008,France,Europe,ptxP3/fim3-2,This_study
FR3921|2008|France|Europe,ERR13848366,2008,France,Europe,ptxP3/fim3-1,This_study
FR3924|2008|France|Europe,ERR13848367,2008,France,Europe,ptxP3/fim3-2,This_study
FR3933|2008|France|Europe,ERR6044289,2008,France,Europe,ptxP3/fim3-2,This_study
FR3934|2008|France|Europe,ERR6044290,2008,France,Europe,ptxP3/fim3-2,This_study
FR3942|2008|France|Europe,ERR13848368,2008,France,Europe,ptxP3/fim3-2,This_study
FR3978|2008|France|Europe,ERR13848369,2008,France,Europe,ptxP3/fim3-1,This_study
FR3979|2008|France|Europe,ERR13848370,2008,France,Europe,ptxP3/fim3-1,This_study
FR4036|2009|France|Europe,ERR13856775,2009,France,Europe,ptxP3/fim3-2,This study
FR4062|2009|France|Europe,ERR13848371,2009,France,Europe,ptxP3/fim3-2,This_study
FR4104|2009|France|Europe,ERR13856776,2009,France,Europe,ptxP3/fim3-2,This study
FR4110|2009|France|Europe,ERR13848372,2009,France,Europe,ptxP3/fim3-2,This_study
FR4111|2009|France|Europe,ERR13848373,2009,France,Europe,ptxP3/fim3-2,This_study
FR4113|2009|France|Europe,ERR13848374,2009,France,Europe,ptxP3/fim3-2,This_study
FR4119|2009|France|Europe,ERR13848375,2009,France,Europe,ptxP3/fim3-2,This_study
FR4193|2009|France|Europe,ERR13848376,2009,France,Europe,ptxP3/fim3-2,This_study
FR4577|2009|France|Europe,ERR13848377,2009,France,Europe,ptxP3/fim3-1,This_study
FR4595|2009|France|Europe,ERR13848378,2009,France,Europe,ptxP3/fim3-1,This_study
FR4627|2009|France|Europe,ERR13848379,2009,France,Europe,ptxP3/fim3-2,This_study
FR6756|2019|France|Europe,ERR13848380,2019,France,Europe,ptxP3/fim3-1,This_study
FR6760|2019|France|Europe,ERR13848381,2019,France,Europe,ptxP3/fim3-1,This_study
FR6776|2019|France|Europe,ERR13848382,2019,France,Europe,ptxP3/fim3-1,This_study
FR6777|2019|France|Europe,ERR13848383,2019,France,Europe,ptxP3/fim3-2,This_study
FR6779|2019|France|Europe,ERR13848384,2019,France,Europe,ptxP3/fim3-2,This_study
FR6780|2019|France|Europe,ERR13848385,2019,France,Europe,ptxP3/fim3-2,This_study
FR6781|2019|France|Europe,ERR13848386,2019,France,Europe,ptxP3/fim3-1,This_study
FR6783|2019|France|Europe,ERR13848387,2019,France,Europe,ptxP3/fim3-2,This_study
FR6784|2019|France|Europe,ERR13848388,2019,France,Europe,ptxP3/fim3-1,This_study
FR6785|2019|France|Europe,ERR13848389,2019,France,Europe,ptxP3/fim3-1,This_study
FR6787|2019|France|Europe,ERR13848390,2019,France,Europe,ptxP3/fim3-1,This_study
FR6790|2019|France|Europe,ERR13848391,2019,France,Europe,ptxP3/fim3-2,This_study
FR6791|2019|France|Europe,ERR13848392,2019,France,Europe,ptxP3/fim3-2,This_study
FR6792|2019|France|Europe,ERR13848393,2019,France,Europe,ptxP3/fim3-2,This_study
FR6795|2019|France|Europe,ERR13848394,2019,France,Europe,ptxP3/fim3-1,This_study
FR6796|2019|France|Europe,ERR13848395,2019,France,Europe,ptxP3/fim3-1,This_study
FR6797|2019|France|Europe,ERR13848396,2019,France,Europe,ptxP3/fim3-1,This_study
FR6799|2019|France|Europe,ERR13848397,2019,France,Europe,ptxP3/fim3-2,This_study
FR6800|2019|France|Europe,ERR13848398,2019,France,Europe,ptxP3/fim3-1,This_study
FR6801|2019|France|Europe,ERR13848399,2019,France,Europe,ptxP3/fim3-2,This_study
FR6802|2019|France|Europe,ERR13848400,2019,France,Europe,ptxP3/fim3-2,This_study
FR6804|2019|France|Europe,ERR13848401,2019,France,Europe,ptxP3/fim3-1,This_study
FR6807|2019|France|Europe,ERR8052266,2019,France,Europe,ptxP3/fim3-2,This_study
FR6812|2019|France|Europe,ERR8052267,2019,France,Europe,ptxP3/fim3-2,This_study
FR6813|2019|France|Europe,ERR13848402,2019,France,Europe,ptxP3/fim3-2,This_study
FR6817|2019|France|Europe,ERR13848403,2019,France,Europe,ptxP3/fim3-1,This_study
FR6821|2019|France|Europe,ERR13848404,2019,France,Europe,ptxP3/fim3-2,This_study
FR6822|2019|France|Europe,ERR13848405,2019,France,Europe,ptxP3/fim3-1,This_study
FR6835|2019|France|Europe,ERR13848406,2019,France,Europe,ptxP3/fim3-1,This_study
FR6836|2019|France|Europe,ERR13848407,2019,France,Europe,ptxP3/fim3-1,This_study
FR6841|2019|France|Europe,ERR13848408,2019,France,Europe,ptxP3/fim3-1,This_study
FR6842|2019|France|Europe,ERR13848409,2019,France,Europe,ptxP3/fim3-1,This_study
FR6843|2019|France|Europe,ERR13848410,2019,France,Europe,ptxP3/fim3-1,This_study
FR6844|2019|France|Europe,ERR13848411,2019,France,Europe,ptxP3/fim3-2,This_study
FR6845|2019|France|Europe,ERR13848412,2019,France,Europe,ptxP3/fim3-1,This_study
FR6846|2019|France|Europe,ERR13848413,2019,France,Europe,ptxP3/fim3-1,This_study
FR6851|2019|France|Europe,ERR13848414,2019,France,Europe,ptxP3/fim3-1,This_study
FR6853|2019|France|Europe,ERR13848415,2019,France,Europe,ptxP3/fim3-2,This_study
FR6854|2019|France|Europe,ERR13848416,2019,France,Europe,ptxP3/fim3-2,This_study
FR6856|2019|France|Europe,ERR13848417,2019,France,Europe,ptxP3/fim3-2,This_study
FR6857|2019|France|Europe,ERR13848418,2019,France,Europe,ptxP3/fim3-2,This_study
FR6863|2019|France|Europe,ERR13848419,2019,France,Europe,ptxP3/fim3-1,This_study
FR6891|2019|France|Europe,ERR13848420,2019,France,Europe,ptxP3/fim3-2,This_study
FR6895|2019|France|Europe,ERR13848421,2019,France,Europe,ptxP3/fim3-1,This_study
FR6899|2019|France|Europe,ERR13848422,2019,France,Europe,ptxP3/fim3-1,This_study
FR6901|2020|France|Europe,ERR13848423,2020,France,Europe,ptxP3/fim3-2,This_study
FR6902|2020|France|Europe,ERR13848424,2020,France,Europe,ptxP3/fim3-2,This_study
FR6912|2020|France|Europe,ERR13848425,2020,France,Europe,ptxP3/fim3-2,This_study
FR6913|2020|France|Europe,ERR13848426,2020,France,Europe,ptxP3/fim3-1,This_study
FR6915|2020|France|Europe,ERR13848427,2020,France,Europe,ptxP3/fim3-2,This_study
FR6916|2020|France|Europe,ERR13848428,2020,France,Europe,ptxP3/fim3-2,This_study
FR6917|2020|France|Europe,ERR13848429,2020,France,Europe,ptxP3/fim3-2,This_study
FR6920|2020|France|Europe,ERR13848430,2020,France,Europe,ptxP3/fim3-1,This_study
FR6922|2020|France|Europe,ERR13848431,2020,France,Europe,ptxP3/fim3-1,This_study
FR6925|2020|France|Europe,ERR13848432,2020,France,Europe,ptxP3/fim3-2,This_study
FR6930|2020|France|Europe,ERR13848433,2020,France,Europe,ptxP3/fim3-2,This_study
FR7016|2022|France|Europe,ERR13848434,2022,France,Europe,ptxP3/fim3-1,This_study
FR7039|2022|France|Europe,ERR13848435,2022,France,Europe,ptxP3/fim3-1,This_study
NC_002929.2,NC_002929.2,1954,NA,NA,ptxP1/fim3-1,NCBI
